{"stats":{"minecraft:used":{"minecraft:creeper_spawn_egg":1,"minecraft:oak_fence":2,"minecraft:dirt":8,"cataclysm:music_disc_ignis":2,"cataclysm:music_disc_netherite_monstrosity":1,"minecraft:lead":1,"alexsmobs:animal_dictionary":1,"cataclysm:music_disc_ancient_remnant":9,"cataclysm:music_disc_the_leviathan":1,"minecraft:jukebox":5,"minecraft:cat_spawn_egg":2},"minecraft:mined":{"minecraft:grass_block":6,"minecraft:dirt":2},"minecraft:picked_up":{"cataclysm:music_disc_ignis":2,"cataclysm:music_disc_netherite_monstrosity":1,"ecologics:coconut_slice":26,"cataclysm:music_disc_the_leviathan":1,"cataclysm:music_disc_ancient_remnant":8,"minecraft:dirt":8},"minecraft:custom":{"minecraft:time_since_rest":147763,"minecraft:play_time":147763,"minecraft:crouch_one_cm":1629,"minecraft:sprint_one_cm":27022,"minecraft:walk_one_cm":78605,"minecraft:sneak_time":1246,"minecraft:jump":364,"minecraft:damage_dealt":0,"minecraft:leave_game":4,"minecraft:play_record":13,"minecraft:time_since_death":147763,"minecraft:total_world_time":147763,"minecraft:fall_one_cm":418,"minecraft:fly_one_cm":258889}},"DataVersion":3465}