{"stats":{"minecraft:picked_up":{"cataclysm:music_disc_ignis":2,"cataclysm:music_disc_netherite_monstrosity":1,"ecologics:coconut_slice":26,"cataclysm:music_disc_the_leviathan":1,"cataclysm:music_disc_ancient_remnant":8,"minecraft:dirt":8},"minecraft:used":{"chipped:glowstone_lantern":5,"chipped:simple_quartz_block_pillar":56,"minecraft:dirt":8,"cataclysm:music_disc_ignis":2,"cataclysm:music_disc_netherite_monstrosity":1,"chipped:spiraled_amethyst_block":7,"chipped:tiled_white_stained_glass":58,"chipped:wrought_iron_lantern":9,"alexsmobs:animal_dictionary":1,"cataclysm:music_disc_ancient_remnant":8,"cataclysm:music_disc_the_leviathan":1,"minecraft:jukebox":5},"minecraft:custom":{"minecraft:time_since_rest":117919,"minecraft:play_time":117919,"minecraft:crouch_one_cm":1554,"minecraft:sprint_one_cm":24926,"minecraft:walk_one_cm":65603,"minecraft:sneak_time":1159,"minecraft:jump":330,"minecraft:damage_dealt":0,"minecraft:leave_game":3,"minecraft:play_record":12,"minecraft:time_since_death":117919,"minecraft:total_world_time":117919,"minecraft:fall_one_cm":418,"minecraft:fly_one_cm":245876},"minecraft:mined":{"minecraft:grass_block":6,"minecraft:dirt":2}},"DataVersion":3465}