{"stats":{"minecraft:picked_up":{"born_in_chaos_v1:corpse_maggot":2,"minecraft:stick":3,"minecraft:crafting_table":2,"ars_nouveau:purple_archwood_log":69,"ars_nouveau:purple_archwood_sapling":13,"minecraft:oak_log":9,"born_in_chaos_v1:bloody_gadfly_eye":1,"tombstone:grave_dust":1,"mowziesmobs:naga_fang":1,"minecraft:arrow":4,"minecraft:bone":5,"minecraft:rotten_flesh":1,"minecraft:bow":1,"minecraft:stone_axe":1,"ars_nouveau:sourceberry_bush":10,"minecraft:oak_sapling":6,"minecraft:cobblestone":10},"minecraft:killed":{"minecraft:skeleton":4,"born_in_chaos_v1:bloody_gadfly":1,"minecraft:zombie":3,"alexsmobs:grizzly_bear":1,"born_in_chaos_v1:maggot":1},"minecraft:crafted":{"minecraft:oak_planks":36,"minecraft:crafting_table":1,"minecraft:stick":9,"minecraft:wooden_pickaxe":1,"minecraft:stone_pickaxe":1,"minecraft:stone_sword":1,"minecraft:stone_axe":1,"minecraft:air":7},"minecraft:used":{"minecraft:stone_sword":39,"minecraft:bread":6,"minecraft:stone_pickaxe":7,"minecraft:oak_planks":11,"minecraft:shield":1,"minecraft:wooden_pickaxe":3,"minecraft:stone_axe":71,"minecraft:wooden_sword":15,"minecraft:crafting_table":2,"ars_nouveau:sourceberry_bush":1,"tombstone:gift":1,"alexsmobs:animal_dictionary":1},"minecraft:killed_by":{"minecraft:spider":1,"alexsmobs:grizzly_bear":1},"minecraft:mined":{"minecraft:crafting_table":2,"minecraft:azure_bluet":1,"minecraft:grass":2,"minecraft:oak_log":9,"ars_nouveau:sourceberry_bush":5,"minecraft:stone":10,"ars_nouveau:purple_archwood_log":69},"minecraft:dropped":{"minecraft:stone_axe":1,"ftbquests:book":1,"mowziesmobs:naga_fang":1},"minecraft:custom":{"minecraft:time_since_rest":13902,"minecraft:sprint_one_cm":33513,"minecraft:damage_taken":1032,"minecraft:walk_one_cm":95390,"minecraft:damage_blocked_by_shield":50,"minecraft:mob_kills":10,"minecraft:drop":3,"minecraft:damage_dealt":2366,"minecraft:fly_one_cm":74533,"minecraft:interact_with_crafting_table":5,"minecraft:crouch_one_cm":394,"minecraft:play_time":27857,"tombstone:undead_killed":7,"minecraft:deaths":2,"minecraft:sneak_time":191,"minecraft:jump":390,"minecraft:time_since_death":15770,"minecraft:leave_game":1,"minecraft:climb_one_cm":190,"minecraft:total_world_time":27857,"minecraft:fall_one_cm":12901}},"DataVersion":3465}