{"stats":{"minecraft:picked_up":{"minecraft:dirt":8},"minecraft:used":{"minecraft:dirt":8},"minecraft:mined":{"minecraft:grass_block":6,"minecraft:dirt":2},"minecraft:custom":{"minecraft:jump":71,"minecraft:time_since_rest":21964,"minecraft:damage_dealt":0,"minecraft:crouch_one_cm":212,"minecraft:leave_game":1,"minecraft:sprint_one_cm":9865,"minecraft:play_time":21964,"minecraft:time_since_death":21964,"minecraft:walk_one_cm":13896,"minecraft:sneak_time":232,"minecraft:total_world_time":21964,"minecraft:fly_one_cm":121438}},"DataVersion":3465}