{"stats":{"minecraft:custom":{"minecraft:time_since_rest":10766,"minecraft:blood":0,"minecraft:magic_shield":0,"minecraft:crouch_one_cm":120,"minecraft:play_time":10766,"minecraft:sprint_one_cm":6025,"minecraft:walk_one_cm":6103,"minecraft:sneak_time":284,"minecraft:mob_kills":1,"minecraft:drop":3,"minecraft:dexterity":0,"minecraft:jump":78,"minecraft:intelligence":0,"minecraft:energy":50,"minecraft:damage_dealt":130,"minecraft:leave_game":4,"minecraft:health":70,"minecraft:time_since_death":10766,"minecraft:move_speed":0,"minecraft:strength":0,"minecraft:climb_one_cm":428,"minecraft:total_world_time":10766,"minecraft:fly_one_cm":207835,"minecraft:mana":50},"minecraft:picked_up":{"minecraft:gray_wool":1,"minecraft:mutton":2},"minecraft:dropped":{"minecraft:gray_wool":1,"minecraft:mutton":2},"minecraft:used":{"pneumaticcraft:advanced_air_compressor":6},"minecraft:killed":{"minecraft:sheep":1}},"DataVersion":3465}