{"stats":{"minecraft:picked_up":{"born_in_chaos_v1:corpse_maggot":4,"minecraft:crafting_table":3,"minecraft:feather":1,"born_in_chaos_v1:monster_flesh":1,"minecraft:oak_log":10,"born_in_chaos_v1:bloody_gadfly_eye":1,"minecraft:chain":2,"ars_nouveau:archwood_planks":1,"minecraft:string":2,"comforts:sleeping_bag_light_gray":1,"born_in_chaos_v1:monster_skin":2,"minecraft:bone":8,"minecraft:bow":1,"minecraft:iron_ingot":1,"born_in_chaos_v1:gnawed_bones":1,"minecraft:stick":3,"ars_nouveau:purple_archwood_log":69,"born_in_chaos_v1:ethereal_spirit":1,"ars_nouveau:purple_archwood_sapling":13,"tombstone:grave_dust":3,"minecraft:dark_oak_log":6,"mowziesmobs:naga_fang":3,"minecraft:rotten_flesh":11,"minecraft:arrow":4,"minecraft:stone_axe":1,"minecraft:hay_block":9,"create:veridium":1,"ars_nouveau:sourceberry_bush":10,"tombstone:magic_scroll":1,"minecraft:oak_sapling":6,"minecraft:cobblestone":10},"minecraft:killed":{"irons_spellbooks:summoned_zombie":3,"alexsmobs:grizzly_bear":1,"born_in_chaos_v1:restless_spirit":1,"minecraft:spider":1,"irons_spellbooks:necromancer":1,"born_in_chaos_v1:maggot":3,"born_in_chaos_v1:decrepit_skeleton":2,"minecraft:skeleton":5,"born_in_chaos_v1:bloody_gadfly":1,"minecraft:zombie":9,"born_in_chaos_v1:dread_hound":2,"minecraft:drowned":1,"irons_spellbooks:summoned_skeleton":2,"mowziesmobs:naga":4},"minecraft:dropped":{"minecraft:oak_door":2,"minecraft:stone_axe":1,"minecraft:oak_log":1,"minecraft:feather":1,"minecraft:rotten_flesh":1,"mowziesmobs:naga_fang":1,"minecraft:dark_oak_log":4,"born_in_chaos_v1:corpse_maggot":4,"tombstone:grave_dust":1,"minecraft:string":2,"ftbquests:book":1},"minecraft:killed_by":{"irons_spellbooks:necromancer":1,"minecraft:spider":1,"alexsmobs:grizzly_bear":1,"born_in_chaos_v1:dread_hound":1},"minecraft:used":{"comforts:sleeping_bag_light_gray":1,"minecraft:stone_sword":131,"minecraft:stone_pickaxe":10,"minecraft:oak_planks":11,"create:veridium":1,"minecraft:wooden_pickaxe":3,"minecraft:shield":1,"minecraft:oak_door":1,"minecraft:crafting_table":3,"ars_nouveau:archwood_planks":59,"farmersdelight:sweet_berry_cookie":20,"minecraft:bread":16,"minecraft:stone_axe":73,"minecraft:wooden_sword":58,"minecraft:bow":3,"minecraft:hay_block":1,"ars_nouveau:sourceberry_bush":1,"tombstone:gift":1,"alexsmobs:animal_dictionary":1},"minecraft:mined":{"minecraft:crafting_table":3,"minecraft:tall_grass":1,"ars_nouveau:sourceberry_bush":5,"minecraft:hay_block":9,"ars_nouveau:archwood_planks":1,"minecraft:azure_bluet":1,"minecraft:grass":2,"minecraft:oak_log":9,"minecraft:iron_bars":2,"minecraft:stone":10,"create:veridium":1,"ars_nouveau:purple_archwood_log":69},"minecraft:broken":{"minecraft:stone_sword":1,"minecraft:leather_boots":1},"minecraft:crafted":{"minecraft:oak_door":3,"minecraft:oak_planks":36,"ars_nouveau:archwood_planks":64,"minecraft:crafting_table":1,"minecraft:wooden_pickaxe":1,"minecraft:stone_axe":1,"minecraft:bread":24,"minecraft:air":24,"minecraft:stick":9,"minecraft:stone_pickaxe":1,"minecraft:stone_sword":1,"minecraft:wheat":72},"minecraft:custom":{"lootr:looted_stat":2,"minecraft:mob_kills":36,"minecraft:interact_with_crafting_table":7,"minecraft:bell_ring":1,"minecraft:leave_game":2,"minecraft:time_since_death":14077,"minecraft:sleep_in_bed":2,"minecraft:climb_one_cm":2176,"minecraft:time_since_rest":33,"minecraft:sprint_one_cm":86417,"minecraft:damage_taken":2596,"minecraft:walk_one_cm":192657,"minecraft:damage_blocked_by_shield":50,"minecraft:drop":13,"minecraft:damage_dealt":8061,"minecraft:swim_one_cm":9518,"minecraft:talked_to_villager":1,"minecraft:fly_one_cm":191570,"minecraft:crouch_one_cm":654,"minecraft:play_time":57883,"tombstone:undead_killed":23,"minecraft:deaths":4,"minecraft:sneak_time":241,"minecraft:walk_under_water_one_cm":5711,"minecraft:jump":913,"minecraft:walk_on_water_one_cm":9344,"minecraft:total_world_time":57883,"minecraft:fall_one_cm":24205}},"DataVersion":3465}