{"stats":{"minecraft:mined":{"create:zinc_ore":42,"minecraft:tuff":4,"iceandfire:silver_ore":22,"minecraft:deepslate_diamond_ore":8,"minecraft:dark_oak_log":47,"minecraft:glow_lichen":1,"minecraft:budding_amethyst":1,"minecraft:grass_block":2,"iceandfire:deepslate_silver_ore":3,"minecraft:spruce_leaves":11,"farmersdelight:wild_cabbages":2,"ars_nouveau:sourceberry_bush":7,"minecraft:hay_block":21,"forbidden_arcanus:deepslate_arcane_crystal_ore":6,"minecraft:furnace":1,"minecraft:cobbled_deepslate":2,"farmersdelight:wild_rice":1,"minecraft:iron_ore":304,"minecraft:andesite":84,"minecraft:deepslate_lapis_ore":2,"supplementaries:gunpowder":2,"minecraft:azure_bluet":1,"minecraft:deepslate_iron_ore":1,"forbidden_arcanus:aurum_leaves":8,"minecraft:oak_stairs":1,"minecraft:iron_bars":2,"minecraft:stone":137,"create:veridium":1,"ars_nouveau:purple_archwood_log":125,"minecraft:deepslate_redstone_ore":9,"create_dd:deepslate_tin_ore":18,"quark:dark_oak_chest":1,"minecraft:crafting_table":10,"minecraft:torch":2,"minecraft:emerald_ore":1,"minecraft:calcite":13,"create:scoria":1,"minecraft:lectern":1,"minecraft:cobblestone":1,"minecraft:copper_ore":126,"minecraft:tall_grass":3,"minecraft:deepslate_coal_ore":10,"minecraft:lapis_ore":3,"minecraft:grindstone":1,"minecraft:oak_planks":13,"minecraft:wall_torch":7,"supplementaries:urn":3,"forbidden_arcanus:aurum_log":4,"forbidden_arcanus:xpetrified_ore":6,"ars_nouveau:archwood_planks":1,"minecraft:birch_log":16,"forbidden_arcanus:nuggety_aurum_leaves":7,"minecraft:spruce_log":8,"minecraft:birch_leaves":6,"minecraft:grass":10,"minecraft:coal_ore":258,"minecraft:oak_log":15,"create_dd:potassic":1,"minecraft:dripstone_block":101,"minecraft:gravel":28,"minecraft:sand":27,"minecraft:dirt":16,"minecraft:cobweb":1,"minecraft:smooth_basalt":5,"minecraft:gold_ore":1077,"create:crimsite":8,"minecraft:deepslate":97,"create_dd:tin_ore":32,"tfmg:fireclay":34},"minecraft:picked_up":{"irons_spellbooks:scroll":1,"minecraft:wheat":11,"minecraft:crafting_table":10,"minecraft:coarse_dirt":4,"born_in_chaos_v1:seedof_chaos":1,"irons_spellbooks:tarnished_helmet":1,"minecraft:oak_stairs":1,"irons_spellbooks:holy_rune":1,"minecraft:potion":2,"minecraft:enchanted_book":1,"born_in_chaos_v1:bloody_gadfly_eye":2,"minecraft:chain":2,"quark:dark_oak_chest":1,"ars_nouveau:archwood_planks":1,"forbidden_arcanus:xpetrified_orb":7,"minecraft:string":15,"minecraft:raw_copper":527,"minecraft:oak_sign":1,"irons_spellbooks:arcane_essence":8,"minecraft:gold_nugget":25,"minecraft:cobbled_deepslate":99,"minecraft:bucket":1,"born_in_chaos_v1:gnawed_bones":1,"minecraft:oak_boat":1,"irons_spellbooks:epic_ink":1,"minecraft:calcite":13,"minecraft:lectern":2,"farmersdelight:cabbage_seeds":2,"minecraft:furnace":1,"minecraft:stick":12,"minecraft:raw_iron":316,"ars_nouveau:purple_archwood_log":125,"born_in_chaos_v1:shattered_skull":1,"minecraft:oak_door":2,"minecraft:torch":16,"sophisticatedbackpacks:backpack":1,"ars_nouveau:purple_archwood_sapling":25,"born_in_chaos_v1:pileof_dark_metal":1,"minecraft:cookie":2,"tombstone:grave_dust":3,"born_in_chaos_v1:pieceofdarkmetal":4,"minecraft:carrot":12,"minecraft:redstone":45,"minecraft:arrow":13,"minecraft:rotten_flesh":28,"create:scoria":1,"minecraft:diamond_boots":1,"minecraft:hay_block":21,"create:veridium":1,"ars_nouveau:sourceberry_bush":75,"supplementaries:ash":1,"alexsmobs:flying_fish":2,"minecraft:cobblestone":124,"born_in_chaos_v1:fused_bone":6,"minecraft:birch_log":16,"forbidden_arcanus:aurum_leaves":2,"create_dd:raw_tin":55,"born_in_chaos_v1:corpse_maggot":15,"minecraft:feather":1,"farmersdelight:rice":1,"born_in_chaos_v1:monster_flesh":1,"artifacts:digging_claws":1,"minecraft:andesite":75,"minecraft:potato":3,"forbidden_arcanus:aurum_log":4,"minecraft:tuff":5,"create:raw_zinc":43,"minecraft:oak_log":16,"minecraft:gunpowder":4,"forbidden_arcanus:aurum_sapling":4,"minecraft:lapis_lazuli":21,"minecraft:dirt":31,"comforts:sleeping_bag_light_gray":12,"born_in_chaos_v1:monster_skin":2,"minecraft:bone":36,"minecraft:apple":1,"create_dd:potassic":1,"minecraft:bow":3,"minecraft:wheat_seeds":24,"alexsmobs:cockroach_wing_fragment":1,"minecraft:raw_gold":1141,"minecraft:grindstone":1,"minecraft:iron_ingot":5,"tombstone:bag_of_seeds":1,"minecraft:pitcher_pod":2,"minecraft:oak_planks":13,"minecraft:smooth_basalt":5,"born_in_chaos_v1:ethereal_spirit":5,"minecraft:torchflower_seeds":2,"minecraft:dripstone_block":102,"minecraft:sand":12,"minecraft:spruce_sapling":6,"minecraft:spruce_log":8,"minecraft:dark_oak_log":37,"minecraft:spider_eye":4,"minecraft:diamond":9,"forbidden_arcanus:arcane_crystal":6,"mowziesmobs:naga_fang":3,"minecraft:bundle":2,"create:crimsite":1,"tfmg:fireclay_ball":64,"forbidden_arcanus:nuggety_aurum_leaves":1,"minecraft:stone_axe":1,"minecraft:emerald":1,"tombstone:magic_scroll":2,"minecraft:oak_sapling":9,"minecraft:coal":275,"iceandfire:raw_silver":27},"minecraft:killed_by":{"minecraft:spider":1,"irons_spellbooks:necromancer":1,"alexsmobs:grizzly_bear":1,"born_in_chaos_v1:dread_hound":1},"minecraft:crafted":{"minecraft:wooden_sword":1,"minecraft:oak_door":3,"minecraft:oak_planks":42,"minecraft:coal":5,"minecraft:oak_sign":1,"ars_nouveau:archwood_planks":152,"minecraft:furnace":2,"minecraft:bone_meal":18,"quark:dark_oak_chest":14,"minecraft:iron_boots":1,"minecraft:iron_axe":1,"minecraft:stone_pickaxe":1,"minecraft:dark_oak_planks":28,"create_dd:coal_piece":5,"minecraft:wheat":84,"minecraft:crafting_table":7,"minecraft:spruce_planks":8,"minecraft:wooden_pickaxe":1,"minecraft:iron_helmet":1,"minecraft:iron_sword":2,"minecraft:birch_planks":19,"minecraft:stone_axe":1,"minecraft:bread":63,"minecraft:air":724,"ars_nouveau:sourceberry_sack":5,"minecraft:oak_boat":1,"minecraft:iron_chestplate":1,"forbidden_arcanus:aurum_sapling":1,"minecraft:stick":29,"quark:oak_chest":1,"minecraft:iron_ingot":127,"minecraft:iron_pickaxe":10,"minecraft:stone_sword":1,"minecraft:iron_leggings":1,"minecraft:torch":66,"minecraft:shears":1},"minecraft:custom":{"lootr:looted_stat":7,"minecraft:mob_kills":113,"minecraft:interact_with_crafting_table":37,"minecraft:bell_ring":3,"minecraft:damage_dealt_resisted":1377,"minecraft:leave_game":5,"minecraft:time_since_death":243116,"minecraft:climb_one_cm":4493,"minecraft:sprint_one_cm":289577,"minecraft:walk_one_cm":811047,"minecraft:damage_blocked_by_shield":50,"minecraft:drop":96,"minecraft:talked_to_villager":14,"minecraft:play_time":286922,"minecraft:deaths":4,"minecraft:sneak_time":4696,"minecraft:walk_under_water_one_cm":18547,"minecraft:boat_one_cm":56244,"minecraft:jump":3114,"minecraft:walk_on_water_one_cm":30472,"minecraft:total_world_time":286922,"minecraft:interact_with_furnace":13,"minecraft:traded_with_villager":1,"minecraft:sleep_in_bed":15,"minecraft:time_since_rest":87788,"minecraft:damage_taken":5911,"minecraft:damage_dealt":22640,"minecraft:swim_one_cm":38381,"minecraft:fly_one_cm":535649,"minecraft:open_chest":92,"minecraft:crouch_one_cm":18425,"tombstone:undead_killed":65,"minecraft:fall_one_cm":78068},"minecraft:broken":{"minecraft:stone_sword":1,"minecraft:wooden_sword":1,"minecraft:leather_boots":1,"minecraft:iron_sword":1,"minecraft:iron_pickaxe":8,"aether:leather_gloves":1},"minecraft:killed":{"irons_spellbooks:summoned_zombie":9,"born_in_chaos_v1:restless_spirit":2,"born_in_chaos_v1:skeleton_demoman":1,"minecraft:spider":11,"born_in_chaos_v1:siamese_skeletonsright":3,"born_in_chaos_v1:zombie_bruiser":1,"born_in_chaos_v1:maggot":12,"born_in_chaos_v1:scarlet_persecutor":5,"minecraft:skeleton":15,"born_in_chaos_v1:skeleton_thrasher":1,"minecraft:drowned":1,"irons_spellbooks:summoned_skeleton":3,"artifacts:mimic":1,"born_in_chaos_v1:fallen_chaos_knight":1,"alexsmobs:grizzly_bear":1,"born_in_chaos_v1:baby_skeleton":2,"minecraft:bat":1,"irons_spellbooks:necromancer":4,"minecraft:creeper":1,"born_in_chaos_v1:decrepit_skeleton":4,"born_in_chaos_v1:bloody_gadfly":3,"alexsmobs:cockroach":1,"minecraft:zombie":16,"born_in_chaos_v1:dread_hound":2,"born_in_chaos_v1:corpse_fly":1,"born_in_chaos_v1:door_knight":1,"born_in_chaos_v1:siamese_skeletonsleft":3,"mowziesmobs:naga":4},"minecraft:dropped":{"minecraft:wheat_seeds":3,"minecraft:oak_log":1,"minecraft:glass_bottle":1,"minecraft:dripstone_block":1,"minecraft:feather":1,"minecraft:cobblestone":14,"minecraft:apple":1,"mowziesmobs:naga_fang":1,"minecraft:dirt":28,"minecraft:dark_oak_log":4,"minecraft:torch":1,"tombstone:grave_dust":3,"minecraft:potion":2,"minecraft:sand":12,"minecraft:gold_nugget":25,"minecraft:paper":3,"minecraft:string":2,"ftbquests:book":1,"minecraft:bucket":1,"minecraft:bone":3,"minecraft:oak_door":4,"minecraft:stone_axe":1,"minecraft:coarse_dirt":4,"minecraft:raw_copper":64,"minecraft:rotten_flesh":18,"minecraft:iron_boots":1,"minecraft:carrot":128,"create:scoria":1,"born_in_chaos_v1:corpse_maggot":10,"minecraft:andesite":6,"minecraft:spider_eye":3,"minecraft:bow":2,"minecraft:arrow":2,"minecraft:calcite":13},"minecraft:used":{"ars_nouveau:sourceberry_sack":5,"minecraft:stone_sword":131,"create:veridium":1,"minecraft:oak_sign":4,"minecraft:shield":1,"minecraft:spruce_planks":20,"minecraft:iron_sword":290,"minecraft:zombie_spawn_egg":1,"minecraft:oak_door":1,"minecraft:torch":163,"minecraft:dirt":3,"forbidden_arcanus:nuggety_aurum_leaves":1,"minecraft:tuff":5,"farmersdelight:sweet_berry_cookie":20,"minecraft:iron_axe":117,"minecraft:oak_stairs":1,"minecraft:smooth_basalt":5,"minecraft:gunpowder":2,"minecraft:bow":3,"minecraft:hay_block":1,"ars_nouveau:sourceberry_bush":21,"minecraft:furnace":3,"tombstone:gift":3,"minecraft:cobbled_deepslate":4,"comforts:sleeping_bag_light_gray":11,"create_dd:potassic":1,"minecraft:bundle":1,"minecraft:stone_pickaxe":100,"minecraft:oak_planks":21,"create:crimsite":1,"minecraft:wooden_pickaxe":3,"minecraft:crafting_table":15,"ars_nouveau:archwood_planks":59,"forbidden_arcanus:aurum_sapling":1,"minecraft:dripstone_block":68,"forbidden_arcanus:aurum_leaves":2,"minecraft:shears":3,"tombstone:bag_of_seeds":1,"ars_nouveau:purple_archwood_sapling":1,"minecraft:bread":72,"minecraft:dark_oak_log":5,"minecraft:iron_pickaxe":2152,"minecraft:lectern":2,"minecraft:stone_axe":111,"minecraft:wooden_sword":100,"quark:dark_oak_chest":15,"minecraft:cobblestone":28,"minecraft:potion":1,"minecraft:grindstone":1,"minecraft:andesite":31,"alexsmobs:animal_dictionary":1,"quark:oak_chest":1,"minecraft:oak_boat":1,"minecraft:bone_meal":2}},"DataVersion":3465}