{"stats":{"minecraft:picked_up":{"minecraft:arrow":2,"minecraft:bone":3,"minecraft:oak_planks":1},"minecraft:dropped":{"minecraft:oak_planks":1},"minecraft:custom":{"minecraft:jump":11,"minecraft:time_since_rest":25724,"minecraft:crouch_one_cm":147,"minecraft:leave_game":2,"minecraft:sprint_one_cm":2782,"minecraft:play_time":25724,"minecraft:time_since_death":25724,"minecraft:walk_one_cm":6895,"minecraft:sneak_time":18,"minecraft:total_world_time":25724,"minecraft:drop":1,"minecraft:fly_one_cm":7358}},"DataVersion":3465}