{"stats":{"minecraft:picked_up":{"ecologics:coconut_slice":18,"minecraft:dirt":8},"minecraft:used":{"minecraft:dirt":8},"minecraft:mined":{"minecraft:grass_block":6,"minecraft:dirt":2},"minecraft:custom":{"minecraft:jump":98,"minecraft:time_since_rest":30544,"minecraft:damage_dealt":0,"minecraft:crouch_one_cm":331,"minecraft:leave_game":1,"minecraft:sprint_one_cm":14696,"minecraft:play_time":30544,"minecraft:time_since_death":30544,"minecraft:walk_one_cm":20151,"minecraft:sneak_time":363,"minecraft:total_world_time":30544,"minecraft:fall_one_cm":418,"minecraft:fly_one_cm":174192}},"DataVersion":3465}