{"stats":{"minecraft:custom":{"minecraft:jump":107,"minecraft:time_since_rest":43632,"minecraft:leave_game":1,"minecraft:damage_dealt":0,"minecraft:crouch_one_cm":512,"minecraft:sprint_one_cm":14878,"minecraft:play_time":43632,"minecraft:time_since_death":43632,"minecraft:walk_one_cm":22856,"minecraft:sneak_time":465,"minecraft:total_world_time":43632,"minecraft:fall_one_cm":418,"minecraft:fly_one_cm":185595},"minecraft:picked_up":{"ecologics:coconut_slice":18,"minecraft:dirt":8},"minecraft:used":{"minecraft:dirt":8},"minecraft:mined":{"minecraft:grass_block":6,"minecraft:dirt":2}},"DataVersion":3465}