{"stats":{"minecraft:broken":{"minecraft:leather_boots":1,"minecraft:wooden_sword":1,"minecraft:stone_sword":1},"minecraft:dropped":{"minecraft:stone_axe":1,"minecraft:wheat_seeds":1,"minecraft:oak_log":1,"minecraft:glass_bottle":1,"minecraft:feather":1,"minecraft:rotten_flesh":1,"minecraft:apple":1,"mowziesmobs:naga_fang":1,"minecraft:dark_oak_log":4,"minecraft:torch":1,"born_in_chaos_v1:corpse_maggot":4,"tombstone:grave_dust":3,"minecraft:potion":2,"minecraft:paper":3,"minecraft:string":2,"ftbquests:book":1,"minecraft:oak_door":4},"minecraft:used":{"create_dd:potassic":1,"comforts:sleeping_bag_light_gray":3,"minecraft:stone_sword":131,"minecraft:stone_pickaxe":45,"minecraft:oak_planks":17,"minecraft:wooden_pickaxe":3,"create:veridium":1,"minecraft:shield":1,"minecraft:zombie_spawn_egg":1,"minecraft:oak_door":1,"minecraft:torch":1,"minecraft:crafting_table":7,"ars_nouveau:archwood_planks":59,"farmersdelight:sweet_berry_cookie":20,"minecraft:oak_stairs":1,"minecraft:bread":23,"minecraft:lectern":1,"minecraft:wooden_sword":100,"minecraft:stone_axe":88,"minecraft:bow":3,"quark:dark_oak_chest":1,"minecraft:potion":1,"minecraft:hay_block":1,"ars_nouveau:sourceberry_bush":1,"tombstone:gift":3,"alexsmobs:animal_dictionary":1},"minecraft:killed":{"irons_spellbooks:summoned_zombie":3,"alexsmobs:grizzly_bear":1,"born_in_chaos_v1:restless_spirit":1,"minecraft:spider":1,"irons_spellbooks:necromancer":1,"born_in_chaos_v1:siamese_skeletonsright":1,"born_in_chaos_v1:decrepit_skeleton":2,"born_in_chaos_v1:maggot":3,"minecraft:skeleton":5,"born_in_chaos_v1:bloody_gadfly":2,"minecraft:zombie":9,"born_in_chaos_v1:dread_hound":2,"born_in_chaos_v1:skeleton_thrasher":1,"minecraft:drowned":1,"irons_spellbooks:summoned_skeleton":2,"born_in_chaos_v1:siamese_skeletonsleft":1,"mowziesmobs:naga":4},"minecraft:mined":{"minecraft:crafting_table":4,"minecraft:copper_ore":9,"minecraft:tall_grass":3,"ars_nouveau:sourceberry_bush":5,"minecraft:oak_planks":13,"minecraft:hay_block":9,"ars_nouveau:archwood_planks":1,"minecraft:coal_ore":4,"minecraft:azure_bluet":1,"minecraft:grass":7,"minecraft:oak_log":9,"minecraft:oak_stairs":1,"minecraft:iron_bars":2,"create_dd:potassic":1,"minecraft:stone":31,"create:veridium":1,"ars_nouveau:purple_archwood_log":69},"minecraft:custom":{"lootr:looted_stat":3,"minecraft:mob_kills":41,"minecraft:interact_with_crafting_table":13,"minecraft:bell_ring":2,"minecraft:damage_dealt_resisted":431,"minecraft:time_since_death":46126,"minecraft:leave_game":3,"minecraft:sleep_in_bed":5,"minecraft:climb_one_cm":2726,"minecraft:time_since_rest":8522,"minecraft:walk_one_cm":294312,"minecraft:sprint_one_cm":129541,"minecraft:damage_taken":2846,"minecraft:damage_blocked_by_shield":50,"minecraft:drop":24,"minecraft:damage_dealt":8978,"minecraft:swim_one_cm":14068,"minecraft:talked_to_villager":5,"minecraft:fly_one_cm":271135,"minecraft:open_chest":11,"minecraft:crouch_one_cm":733,"minecraft:play_time":89932,"tombstone:undead_killed":26,"minecraft:deaths":4,"minecraft:sneak_time":273,"minecraft:walk_under_water_one_cm":6361,"minecraft:boat_one_cm":24691,"minecraft:jump":1244,"minecraft:walk_on_water_one_cm":13248,"minecraft:total_world_time":89932,"minecraft:fall_one_cm":29751},"minecraft:crafted":{"minecraft:wooden_sword":1,"minecraft:oak_door":3,"minecraft:oak_planks":36,"ars_nouveau:archwood_planks":88,"minecraft:crafting_table":3,"minecraft:wooden_pickaxe":1,"minecraft:furnace":1,"minecraft:stone_axe":1,"minecraft:bread":24,"minecraft:air":35,"quark:dark_oak_chest":1,"minecraft:stick":9,"minecraft:stone_pickaxe":1,"minecraft:stone_sword":1,"minecraft:dark_oak_planks":2,"minecraft:wheat":72},"minecraft:killed_by":{"irons_spellbooks:necromancer":1,"minecraft:spider":1,"alexsmobs:grizzly_bear":1,"born_in_chaos_v1:dread_hound":1},"minecraft:picked_up":{"born_in_chaos_v1:fused_bone":2,"irons_spellbooks:scroll":1,"create_dd:raw_tin":3,"born_in_chaos_v1:corpse_maggot":6,"minecraft:crafting_table":4,"minecraft:feather":1,"born_in_chaos_v1:monster_flesh":1,"minecraft:oak_stairs":1,"irons_spellbooks:holy_rune":1,"minecraft:potion":2,"minecraft:enchanted_book":1,"born_in_chaos_v1:bloody_gadfly_eye":2,"minecraft:oak_log":10,"minecraft:chain":2,"ars_nouveau:archwood_planks":1,"minecraft:string":2,"minecraft:raw_copper":29,"comforts:sleeping_bag_light_gray":4,"born_in_chaos_v1:monster_skin":2,"minecraft:bone":13,"minecraft:apple":1,"create_dd:potassic":1,"minecraft:bow":1,"irons_spellbooks:arcane_essence":3,"minecraft:wheat_seeds":1,"minecraft:iron_ingot":4,"born_in_chaos_v1:gnawed_bones":1,"irons_spellbooks:epic_ink":1,"minecraft:lectern":1,"minecraft:oak_planks":13,"minecraft:stick":3,"ars_nouveau:purple_archwood_log":69,"born_in_chaos_v1:shattered_skull":1,"minecraft:oak_door":2,"minecraft:torch":2,"born_in_chaos_v1:ethereal_spirit":1,"ars_nouveau:purple_archwood_sapling":13,"born_in_chaos_v1:pileof_dark_metal":1,"tombstone:grave_dust":3,"minecraft:dark_oak_log":6,"mowziesmobs:naga_fang":3,"minecraft:bundle":1,"minecraft:arrow":4,"minecraft:rotten_flesh":11,"minecraft:stone_axe":1,"minecraft:hay_block":9,"create:veridium":1,"ars_nouveau:sourceberry_bush":10,"tombstone:magic_scroll":2,"minecraft:oak_sapling":6,"minecraft:coal":4,"alexsmobs:flying_fish":1,"minecraft:cobblestone":31}},"DataVersion":3465}