{"stats":{"minecraft:mined":{"minecraft:grass_block":4,"minecraft:dirt":1},"minecraft:custom":{"minecraft:time_since_rest":26549,"minecraft:blood":0,"minecraft:magic_shield":0,"minecraft:crouch_one_cm":138,"minecraft:play_time":26549,"minecraft:sprint_one_cm":7544,"tombstone:undead_killed":1,"minecraft:walk_one_cm":17463,"minecraft:sneak_time":470,"minecraft:mob_kills":2,"minecraft:drop":4,"minecraft:dexterity":0,"minecraft:damage_dealt_resisted":8,"minecraft:jump":98,"minecraft:intelligence":0,"minecraft:energy":50,"minecraft:damage_dealt":301,"minecraft:leave_game":6,"minecraft:health":70,"minecraft:time_since_death":26549,"minecraft:move_speed":0,"minecraft:strength":0,"minecraft:total_world_time":26549,"minecraft:climb_one_cm":428,"minecraft:fly_one_cm":391832,"minecraft:mana":50},"minecraft:picked_up":{"born_in_chaos_v1:intoxicating_decoction":2,"minecraft:gray_wool":1,"born_in_chaos_v1:stimulating_decoction":2,"minecraft:mutton":2,"minecraft:dirt":5},"minecraft:killed":{"minecraft:sheep":1,"born_in_chaos_v1:baby_skeleton_minion":1},"minecraft:used":{"kubejs:obsidian_machine":1,"minecraft:dirt":4,"kubejs:andesite_machine":2,"kubejs:copper_machine":2,"pneumaticcraft:advanced_air_compressor":6,"kubejs:brass_machine":5},"minecraft:dropped":{"minecraft:dirt":1,"minecraft:gray_wool":1,"minecraft:mutton":2}},"DataVersion":3465}