{"stats":{"minecraft:mined":{"create:deepslate_zinc_ore":27,"minecraft:budding_amethyst":1,"minecraft:grass_block":7,"ars_nouveau:sourceberry_bush":7,"farmersdelight:wild_rice":1,"minecraft:iron_ore":304,"minecraft:cobbled_deepslate":3,"minecraft:deepslate_lapis_ore":6,"minecraft:azure_bluet":1,"forbidden_arcanus:aurum_leaves":8,"minecraft:iron_bars":2,"minecraft:oak_stairs":1,"create:veridium":1,"minecraft:deepslate_redstone_ore":10,"minecraft:torch":2,"minecraft:calcite":13,"create:scoria":1,"minecraft:cobblestone":3,"minecraft:grindstone":2,"minecraft:oak_planks":13,"minecraft:sugar_cane":20,"minecraft:wall_torch":7,"minecraft:seagrass":1,"forbidden_arcanus:aurum_log":4,"minecraft:birch_log":16,"ars_nouveau:archwood_planks":1,"forbidden_arcanus:nuggety_aurum_leaves":7,"minecraft:grass":11,"minecraft:oak_log":15,"minecraft:sand":27,"minecraft:dirt":17,"minecraft:smooth_basalt":5,"create:crimsite":8,"minecraft:deepslate":138,"tfmg:fireclay":34,"create:zinc_ore":42,"minecraft:tuff":11,"iceandfire:silver_ore":22,"minecraft:mossy_cobblestone":2,"minecraft:deepslate_diamond_ore":8,"minecraft:dark_oak_log":47,"minecraft:glow_lichen":1,"iceandfire:deepslate_silver_ore":3,"farmersdelight:wild_cabbages":2,"minecraft:spruce_leaves":11,"minecraft:hay_block":21,"forbidden_arcanus:deepslate_arcane_crystal_ore":7,"minecraft:furnace":1,"minecraft:andesite":84,"supplementaries:gunpowder":2,"minecraft:deepslate_iron_ore":1,"minecraft:stone":175,"ars_nouveau:purple_archwood_log":125,"create_dd:deepslate_tin_ore":33,"quark:dark_oak_chest":1,"minecraft:crafting_table":10,"minecraft:emerald_ore":1,"minecraft:lectern":2,"minecraft:tall_grass":4,"minecraft:copper_ore":131,"minecraft:deepslate_coal_ore":10,"minecraft:lapis_ore":5,"supplementaries:urn":4,"forbidden_arcanus:xpetrified_ore":6,"minecraft:spruce_log":8,"minecraft:birch_leaves":6,"minecraft:coal_ore":258,"minecraft:gravel":28,"minecraft:dripstone_block":109,"create_dd:potassic":1,"minecraft:cobweb":1,"minecraft:gold_ore":1077,"create_dd:tin_ore":32},"minecraft:picked_up":{"irons_spellbooks:scroll":2,"minecraft:wheat":11,"minecraft:oak_stairs":1,"irons_spellbooks:holy_rune":1,"minecraft:enchanted_book":1,"minecraft:potion":2,"born_in_chaos_v1:bloody_gadfly_eye":2,"forbidden_arcanus:xpetrified_orb":7,"minecraft:string":15,"minecraft:raw_copper":545,"minecraft:oak_sign":1,"irons_spellbooks:arcane_essence":11,"minecraft:gold_nugget":25,"minecraft:cobbled_deepslate":137,"minecraft:bucket":1,"minecraft:calcite":13,"farmersdelight:cabbage_seeds":2,"minecraft:furnace":1,"minecraft:stick":12,"born_in_chaos_v1:shattered_skull":1,"minecraft:torch":16,"born_in_chaos_v1:pileof_dark_metal":1,"tombstone:grave_dust":3,"minecraft:rotten_flesh":33,"create:scoria":1,"create:veridium":1,"ars_nouveau:sourceberry_bush":75,"supplementaries:ash":9,"alexsmobs:flying_fish":2,"minecraft:cobblestone":164,"forbidden_arcanus:aurum_leaves":2,"minecraft:birch_log":16,"create_dd:raw_tin":71,"minecraft:feather":1,"farmersdelight:rice":1,"minecraft:andesite":75,"minecraft:potato":3,"create:raw_zinc":72,"minecraft:tuff":5,"minecraft:lapis_lazuli":63,"minecraft:dirt":37,"born_in_chaos_v1:monster_skin":2,"minecraft:bone":43,"minecraft:bow":4,"minecraft:wheat_seeds":24,"minecraft:raw_gold":1141,"minecraft:grindstone":2,"minecraft:oak_planks":13,"minecraft:pitcher_pod":2,"minecraft:sand":12,"minecraft:dark_oak_log":37,"minecraft:mossy_cobblestone":2,"minecraft:bundle":2,"tfmg:fireclay_ball":64,"create:crimsite":1,"minecraft:diamond":9,"minecraft:emerald":1,"minecraft:oak_sapling":9,"born_in_chaos_v1:rotten_fish":1,"iceandfire:raw_silver":27,"minecraft:coarse_dirt":4,"minecraft:crafting_table":10,"born_in_chaos_v1:seedof_chaos":1,"irons_spellbooks:tarnished_helmet":2,"minecraft:chain":2,"quark:dark_oak_chest":1,"ars_nouveau:archwood_planks":1,"minecraft:oak_boat":1,"born_in_chaos_v1:gnawed_bones":1,"irons_spellbooks:epic_ink":1,"minecraft:lectern":3,"minecraft:sugar_cane":40,"minecraft:raw_iron":316,"ars_nouveau:purple_archwood_log":125,"minecraft:oak_door":2,"sophisticatedbackpacks:backpack":1,"ars_nouveau:purple_archwood_sapling":25,"minecraft:cookie":2,"born_in_chaos_v1:pieceofdarkmetal":4,"minecraft:carrot":23,"minecraft:redstone":50,"minecraft:arrow":17,"minecraft:diamond_boots":1,"minecraft:hay_block":21,"born_in_chaos_v1:fused_bone":6,"born_in_chaos_v1:corpse_maggot":18,"born_in_chaos_v1:monster_flesh":1,"artifacts:digging_claws":1,"forbidden_arcanus:aurum_log":4,"minecraft:oak_log":16,"minecraft:gunpowder":4,"forbidden_arcanus:aurum_sapling":4,"comforts:sleeping_bag_light_gray":13,"minecraft:apple":1,"create_dd:potassic":1,"alexsmobs:cockroach_wing_fragment":1,"minecraft:iron_ingot":5,"tombstone:bag_of_seeds":1,"minecraft:smooth_basalt":5,"born_in_chaos_v1:ethereal_spirit":5,"minecraft:dripstone_block":105,"minecraft:torchflower_seeds":2,"minecraft:spruce_sapling":6,"minecraft:spruce_log":8,"minecraft:spider_eye":4,"mowziesmobs:naga_fang":3,"forbidden_arcanus:arcane_crystal":7,"forbidden_arcanus:nuggety_aurum_leaves":1,"minecraft:stone_axe":1,"tombstone:magic_scroll":2,"minecraft:coal":275},"minecraft:killed_by":{"alexsmobs:grizzly_bear":1,"minecraft:spider":1,"irons_spellbooks:necromancer":1,"minecraft:skeleton":1,"born_in_chaos_v1:dread_hound":1},"minecraft:crafted":{"minecraft:oak_planks":42,"minecraft:oak_sign":1,"ars_nouveau:archwood_planks":152,"minecraft:iron_boots":1,"create_dd:coal_piece":5,"minecraft:crafting_table":7,"minecraft:spruce_planks":8,"minecraft:wooden_pickaxe":1,"minecraft:iron_helmet":1,"minecraft:birch_planks":19,"ars_nouveau:sourceberry_sack":5,"minecraft:iron_chestplate":1,"minecraft:stick":29,"quark:oak_chest":1,"minecraft:iron_ingot":127,"minecraft:iron_pickaxe":10,"minecraft:stone_sword":1,"minecraft:shears":1,"minecraft:wooden_sword":1,"minecraft:oak_door":3,"minecraft:coal":5,"minecraft:furnace":2,"minecraft:bone_meal":18,"quark:dark_oak_chest":14,"minecraft:iron_axe":1,"minecraft:stone_pickaxe":1,"minecraft:dark_oak_planks":28,"minecraft:wheat":84,"minecraft:iron_sword":2,"minecraft:stone_axe":1,"minecraft:bread":63,"minecraft:air":724,"minecraft:oak_boat":1,"forbidden_arcanus:aurum_sapling":1,"minecraft:iron_leggings":1,"minecraft:torch":66},"minecraft:custom":{"lootr:looted_stat":7,"minecraft:interact_with_crafting_table":37,"minecraft:bell_ring":3,"minecraft:leave_game":5,"minecraft:time_since_death":20383,"minecraft:sprint_one_cm":326452,"minecraft:damage_blocked_by_shield":50,"minecraft:drop":103,"minecraft:talked_to_villager":14,"minecraft:play_time":310922,"minecraft:deaths":5,"minecraft:jump":3561,"minecraft:walk_on_water_one_cm":34214,"minecraft:interact_with_furnace":13,"minecraft:traded_with_villager":1,"minecraft:sleep_in_bed":16,"minecraft:damage_dealt":26704,"minecraft:crouch_one_cm":23455,"tombstone:undead_killed":80,"minecraft:mob_kills":136,"minecraft:damage_dealt_resisted":1377,"minecraft:climb_one_cm":4670,"minecraft:walk_one_cm":879803,"minecraft:sneak_time":6620,"minecraft:walk_under_water_one_cm":26019,"minecraft:boat_one_cm":56244,"minecraft:total_world_time":310922,"minecraft:time_since_rest":2614,"minecraft:damage_taken":6846,"minecraft:swim_one_cm":78122,"minecraft:fly_one_cm":660624,"minecraft:open_chest":122,"minecraft:fall_one_cm":86845},"minecraft:broken":{"minecraft:wooden_sword":1,"minecraft:iron_sword":1,"minecraft:stone_sword":1,"minecraft:leather_boots":1,"minecraft:iron_pickaxe":9,"minecraft:iron_helmet":1,"aether:leather_gloves":1},"minecraft:killed":{"born_in_chaos_v1:restless_spirit":2,"born_in_chaos_v1:skeleton_demoman":1,"minecraft:spider":11,"born_in_chaos_v1:siamese_skeletonsright":3,"born_in_chaos_v1:scarlet_persecutor":5,"minecraft:skeleton":19,"born_in_chaos_v1:skeleton_thrasher":1,"minecraft:silverfish":1,"irons_spellbooks:summoned_skeleton":5,"artifacts:mimic":1,"alexsmobs:grizzly_bear":1,"irons_spellbooks:necromancer":5,"minecraft:creeper":1,"minecraft:zombie":18,"born_in_chaos_v1:dread_hound":2,"born_in_chaos_v1:corpse_fly":3,"born_in_chaos_v1:door_knight":1,"born_in_chaos_v1:siamese_skeletonsleft":3,"mowziesmobs:naga":4,"irons_spellbooks:summoned_zombie":11,"born_in_chaos_v1:zombie_bruiser":2,"born_in_chaos_v1:maggot":15,"minecraft:drowned":1,"born_in_chaos_v1:corpse_fish":1,"born_in_chaos_v1:fallen_chaos_knight":1,"born_in_chaos_v1:baby_skeleton":3,"minecraft:bat":2,"born_in_chaos_v1:decrepit_skeleton":6,"born_in_chaos_v1:bloody_gadfly":3,"alexsmobs:cockroach":1},"minecraft:dropped":{"minecraft:oak_log":1,"minecraft:glass_bottle":1,"mowziesmobs:naga_fang":1,"minecraft:dirt":34,"minecraft:dark_oak_log":4,"minecraft:gold_nugget":25,"minecraft:sand":12,"ftbquests:book":1,"minecraft:bone":3,"minecraft:oak_door":4,"minecraft:stone_axe":1,"minecraft:rotten_flesh":18,"minecraft:carrot":128,"create:scoria":1,"born_in_chaos_v1:corpse_maggot":11,"minecraft:arrow":2,"minecraft:wheat_seeds":3,"minecraft:dripstone_block":1,"minecraft:feather":1,"minecraft:cobblestone":14,"minecraft:apple":1,"minecraft:torch":1,"tombstone:grave_dust":3,"minecraft:potion":2,"minecraft:paper":3,"minecraft:string":2,"minecraft:bucket":1,"minecraft:coarse_dirt":4,"minecraft:raw_copper":64,"minecraft:iron_boots":1,"minecraft:andesite":6,"minecraft:spider_eye":3,"minecraft:bow":2,"minecraft:calcite":13},"minecraft:used":{"ars_nouveau:sourceberry_sack":5,"minecraft:oak_sign":4,"minecraft:shield":1,"minecraft:iron_sword":370,"minecraft:zombie_spawn_egg":1,"forbidden_arcanus:nuggety_aurum_leaves":1,"minecraft:carrot":7,"minecraft:tuff":5,"farmersdelight:sweet_berry_cookie":20,"born_in_chaos_v1:corpse_maggot":2,"minecraft:bow":3,"minecraft:hay_block":1,"minecraft:furnace":3,"ars_nouveau:sourceberry_bush":21,"minecraft:stone_pickaxe":100,"minecraft:oak_planks":21,"create:crimsite":1,"minecraft:wooden_pickaxe":3,"minecraft:sugar_cane":17,"ars_nouveau:archwood_planks":59,"minecraft:dripstone_block":75,"minecraft:shears":3,"ars_nouveau:purple_archwood_sapling":1,"minecraft:dark_oak_log":5,"minecraft:bread":76,"minecraft:lectern":2,"minecraft:wooden_sword":100,"born_in_chaos_v1:rotten_fish":1,"minecraft:grindstone":1,"minecraft:andesite":31,"minecraft:oak_boat":1,"minecraft:bone_meal":2,"minecraft:stone_sword":131,"create:veridium":1,"minecraft:spruce_planks":20,"minecraft:oak_door":1,"minecraft:torch":191,"minecraft:dirt":3,"minecraft:iron_axe":117,"minecraft:oak_stairs":1,"minecraft:smooth_basalt":5,"minecraft:gunpowder":2,"tombstone:gift":3,"minecraft:cobbled_deepslate":73,"comforts:sleeping_bag_light_gray":12,"create_dd:potassic":1,"minecraft:bundle":1,"minecraft:crafting_table":15,"forbidden_arcanus:aurum_sapling":1,"forbidden_arcanus:aurum_leaves":2,"tombstone:bag_of_seeds":1,"minecraft:iron_pickaxe":2307,"minecraft:stone_axe":111,"quark:dark_oak_chest":15,"minecraft:cobblestone":65,"minecraft:potion":1,"quark:oak_chest":1,"alexsmobs:animal_dictionary":1}},"DataVersion":3465}