{"stats":{"minecraft:broken":{"minecraft:stone_sword":1,"minecraft:wooden_sword":1,"minecraft:leather_boots":1,"minecraft:iron_pickaxe":1},"minecraft:dropped":{"minecraft:wheat_seeds":3,"minecraft:oak_log":1,"minecraft:glass_bottle":1,"minecraft:feather":1,"minecraft:apple":1,"mowziesmobs:naga_fang":1,"minecraft:dark_oak_log":4,"minecraft:torch":1,"tombstone:grave_dust":3,"minecraft:potion":2,"minecraft:paper":3,"minecraft:string":2,"ftbquests:book":1,"minecraft:oak_door":4,"minecraft:stone_axe":1,"minecraft:rotten_flesh":1,"born_in_chaos_v1:corpse_maggot":4},"minecraft:used":{"minecraft:stone_sword":131,"minecraft:oak_sign":3,"create:veridium":1,"minecraft:shield":1,"minecraft:iron_sword":16,"minecraft:zombie_spawn_egg":1,"minecraft:oak_door":1,"minecraft:torch":13,"forbidden_arcanus:nuggety_aurum_leaves":1,"farmersdelight:sweet_berry_cookie":20,"minecraft:iron_axe":15,"minecraft:oak_stairs":1,"minecraft:bow":3,"minecraft:hay_block":1,"minecraft:furnace":3,"ars_nouveau:sourceberry_bush":15,"tombstone:gift":3,"comforts:sleeping_bag_light_gray":6,"create_dd:potassic":1,"minecraft:stone_pickaxe":100,"minecraft:oak_planks":21,"minecraft:wooden_pickaxe":3,"minecraft:crafting_table":10,"forbidden_arcanus:aurum_sapling":1,"ars_nouveau:archwood_planks":59,"minecraft:shears":3,"forbidden_arcanus:aurum_leaves":2,"minecraft:bread":30,"minecraft:iron_pickaxe":298,"minecraft:lectern":2,"minecraft:stone_axe":111,"minecraft:wooden_sword":100,"quark:dark_oak_chest":1,"minecraft:cobblestone":3,"minecraft:potion":1,"minecraft:grindstone":1,"minecraft:oak_boat":1,"quark:oak_chest":1,"alexsmobs:animal_dictionary":1,"minecraft:bone_meal":2},"minecraft:killed":{"irons_spellbooks:summoned_zombie":3,"born_in_chaos_v1:restless_spirit":1,"minecraft:spider":1,"born_in_chaos_v1:siamese_skeletonsright":1,"born_in_chaos_v1:maggot":3,"minecraft:skeleton":6,"born_in_chaos_v1:skeleton_thrasher":1,"minecraft:drowned":1,"irons_spellbooks:summoned_skeleton":2,"alexsmobs:grizzly_bear":1,"born_in_chaos_v1:baby_skeleton":1,"irons_spellbooks:necromancer":1,"born_in_chaos_v1:decrepit_skeleton":3,"born_in_chaos_v1:bloody_gadfly":2,"minecraft:zombie":10,"born_in_chaos_v1:dread_hound":2,"born_in_chaos_v1:siamese_skeletonsleft":1,"mowziesmobs:naga":4},"minecraft:mined":{"iceandfire:silver_ore":1,"minecraft:spruce_leaves":11,"ars_nouveau:sourceberry_bush":5,"minecraft:hay_block":21,"minecraft:furnace":1,"farmersdelight:wild_rice":1,"minecraft:iron_ore":230,"minecraft:azure_bluet":1,"forbidden_arcanus:aurum_leaves":8,"minecraft:iron_bars":2,"minecraft:oak_stairs":1,"minecraft:stone":38,"create:veridium":1,"ars_nouveau:purple_archwood_log":69,"minecraft:crafting_table":5,"minecraft:emerald_ore":1,"minecraft:lectern":1,"minecraft:tall_grass":3,"minecraft:copper_ore":23,"minecraft:grindstone":1,"minecraft:oak_planks":13,"minecraft:wall_torch":3,"forbidden_arcanus:aurum_log":4,"ars_nouveau:archwood_planks":1,"minecraft:birch_log":16,"forbidden_arcanus:nuggety_aurum_leaves":7,"minecraft:spruce_log":8,"minecraft:grass":8,"minecraft:oak_log":15,"minecraft:coal_ore":96,"create_dd:potassic":1,"create_dd:tin_ore":5},"minecraft:custom":{"lootr:looted_stat":4,"minecraft:mob_kills":45,"minecraft:interact_with_crafting_table":24,"minecraft:bell_ring":3,"minecraft:damage_dealt_resisted":431,"minecraft:leave_game":3,"minecraft:time_since_death":82126,"minecraft:climb_one_cm":3258,"minecraft:sprint_one_cm":190485,"minecraft:walk_one_cm":405155,"minecraft:damage_blocked_by_shield":50,"minecraft:drop":26,"minecraft:talked_to_villager":12,"minecraft:play_time":125932,"minecraft:deaths":4,"minecraft:sneak_time":605,"minecraft:walk_under_water_one_cm":6757,"minecraft:boat_one_cm":56244,"minecraft:jump":1720,"minecraft:walk_on_water_one_cm":15243,"minecraft:total_world_time":125932,"minecraft:interact_with_furnace":12,"minecraft:traded_with_villager":1,"minecraft:sleep_in_bed":8,"minecraft:time_since_rest":3308,"minecraft:damage_taken":3068,"minecraft:damage_dealt":9861,"minecraft:swim_one_cm":15705,"minecraft:fly_one_cm":371341,"minecraft:open_chest":25,"minecraft:crouch_one_cm":1879,"tombstone:undead_killed":30,"minecraft:fall_one_cm":38333},"minecraft:crafted":{"minecraft:wooden_sword":1,"minecraft:oak_door":3,"minecraft:oak_planks":42,"minecraft:oak_sign":1,"ars_nouveau:archwood_planks":88,"minecraft:furnace":2,"minecraft:bone_meal":18,"quark:dark_oak_chest":1,"minecraft:iron_boots":1,"minecraft:iron_axe":1,"minecraft:stone_pickaxe":1,"minecraft:dark_oak_planks":2,"create_dd:coal_piece":5,"minecraft:wheat":84,"minecraft:crafting_table":5,"minecraft:spruce_planks":8,"minecraft:wooden_pickaxe":1,"minecraft:iron_helmet":1,"minecraft:iron_sword":1,"minecraft:birch_planks":19,"minecraft:stone_axe":1,"minecraft:bread":63,"minecraft:air":382,"minecraft:oak_boat":1,"minecraft:iron_chestplate":1,"forbidden_arcanus:aurum_sapling":1,"minecraft:stick":12,"quark:oak_chest":1,"minecraft:iron_ingot":127,"minecraft:iron_pickaxe":2,"minecraft:stone_sword":1,"minecraft:iron_leggings":1,"minecraft:torch":4,"minecraft:shears":1},"minecraft:killed_by":{"minecraft:spider":1,"irons_spellbooks:necromancer":1,"alexsmobs:grizzly_bear":1,"born_in_chaos_v1:dread_hound":1},"minecraft:picked_up":{"irons_spellbooks:scroll":1,"minecraft:wheat":11,"minecraft:crafting_table":5,"minecraft:oak_stairs":1,"irons_spellbooks:holy_rune":1,"minecraft:enchanted_book":1,"minecraft:potion":2,"born_in_chaos_v1:bloody_gadfly_eye":2,"minecraft:chain":2,"ars_nouveau:archwood_planks":1,"minecraft:string":2,"minecraft:raw_copper":73,"irons_spellbooks:arcane_essence":3,"minecraft:gold_nugget":3,"minecraft:oak_boat":1,"born_in_chaos_v1:gnawed_bones":1,"irons_spellbooks:epic_ink":1,"minecraft:lectern":2,"minecraft:furnace":1,"minecraft:stick":6,"minecraft:raw_iron":232,"ars_nouveau:purple_archwood_log":69,"born_in_chaos_v1:shattered_skull":1,"minecraft:oak_door":2,"minecraft:torch":5,"ars_nouveau:purple_archwood_sapling":13,"born_in_chaos_v1:pileof_dark_metal":1,"minecraft:cookie":2,"tombstone:grave_dust":3,"minecraft:carrot":12,"minecraft:arrow":4,"minecraft:rotten_flesh":11,"minecraft:hay_block":21,"create:veridium":1,"ars_nouveau:sourceberry_bush":24,"minecraft:cobblestone":42,"alexsmobs:flying_fish":2,"born_in_chaos_v1:fused_bone":2,"forbidden_arcanus:aurum_leaves":2,"minecraft:birch_log":16,"create_dd:raw_tin":8,"born_in_chaos_v1:corpse_maggot":6,"minecraft:feather":1,"farmersdelight:rice":1,"born_in_chaos_v1:monster_flesh":1,"minecraft:potato":3,"forbidden_arcanus:aurum_log":4,"minecraft:oak_log":16,"forbidden_arcanus:aurum_sapling":4,"comforts:sleeping_bag_light_gray":7,"born_in_chaos_v1:monster_skin":2,"minecraft:bone":16,"minecraft:apple":1,"create_dd:potassic":1,"minecraft:bow":1,"minecraft:wheat_seeds":24,"minecraft:grindstone":1,"minecraft:iron_ingot":4,"minecraft:oak_planks":13,"born_in_chaos_v1:ethereal_spirit":1,"minecraft:spruce_sapling":6,"minecraft:spruce_log":8,"minecraft:dark_oak_log":6,"mowziesmobs:naga_fang":3,"minecraft:bundle":1,"forbidden_arcanus:nuggety_aurum_leaves":1,"minecraft:stone_axe":1,"minecraft:emerald":1,"tombstone:magic_scroll":2,"minecraft:oak_sapling":9,"minecraft:coal":97,"iceandfire:raw_silver":2}},"DataVersion":3465}