{"stats":{"minecraft:used":{"ars_nouveau:sourceberry_sack":5,"minecraft:moss_block":1,"minecraft:oak_sign":6,"minecraft:shield":7,"minecraft:iron_sword":499,"minecraft:zombie_spawn_egg":1,"forbidden_arcanus:nuggety_aurum_leaves":1,"minecraft:carrot":142,"minecraft:tuff":6,"farmersdelight:sweet_berry_cookie":20,"born_in_chaos_v1:corpse_maggot":2,"iceandfire:crackled_gravel":1,"minecraft:birch_sapling":10,"minecraft:iron_helmet":1,"minecraft:bow":3,"minecraft:hay_block":1,"minecraft:furnace":5,"ars_nouveau:sourceberry_bush":21,"minecraft:stone_pickaxe":100,"minecraft:oak_planks":28,"create:crimsite":1,"minecraft:wooden_pickaxe":3,"minecraft:sugar_cane":17,"ars_nouveau:archwood_planks":74,"minecraft:dripstone_block":75,"minecraft:shears":3,"ars_nouveau:purple_archwood_sapling":1,"minecraft:dark_oak_log":5,"minecraft:cyan_bed":3,"minecraft:bread":76,"minecraft:lectern":2,"minecraft:diamond_sword":420,"minecraft:wooden_sword":100,"born_in_chaos_v1:rotten_fish":1,"minecraft:grindstone":1,"minecraft:birch_log":1,"minecraft:andesite":31,"minecraft:oak_boat":1,"minecraft:coarse_dirt":3,"minecraft:bone_meal":2,"minecraft:azalea":1,"quark:birch_chest":8,"minecraft:stone_sword":131,"create:veridium":1,"minecraft:spruce_planks":20,"minecraft:oak_door":1,"minecraft:torch":287,"minecraft:dirt":48,"minecraft:granite":22,"minecraft:iron_axe":314,"minecraft:oak_stairs":3,"minecraft:jungle_log":1,"minecraft:smooth_basalt":5,"minecraft:gunpowder":2,"alexsmobs:banana":1,"minecraft:infested_cobblestone":16,"tombstone:gift":3,"minecraft:cobbled_deepslate":86,"comforts:sleeping_bag_light_gray":18,"create_dd:potassic":1,"minecraft:bundle":1,"minecraft:crafting_table":20,"forbidden_arcanus:aurum_sapling":1,"forbidden_arcanus:aurum_leaves":2,"tombstone:bag_of_seeds":1,"minecraft:diamond_pickaxe":924,"minecraft:apple":1,"minecraft:iron_pickaxe":2383,"minecraft:stone_axe":111,"quark:dark_oak_chest":15,"minecraft:cobblestone":78,"minecraft:potion":1,"quark:oak_chest":3,"alexsmobs:animal_dictionary":1},"minecraft:mined":{"create:deepslate_zinc_ore":36,"minecraft:jungle_leaves":3,"minecraft:granite":70,"minecraft:budding_amethyst":1,"minecraft:grass_block":7,"minecraft:infested_cobblestone":1,"minecraft:jungle_log":122,"ars_nouveau:sourceberry_bush":7,"farmersdelight:wild_rice":1,"minecraft:iron_ore":341,"minecraft:cobbled_deepslate":10,"minecraft:deepslate_lapis_ore":6,"minecraft:azure_bluet":1,"forbidden_arcanus:aurum_leaves":8,"minecraft:iron_bars":2,"minecraft:oak_stairs":2,"minecraft:azalea":1,"create:veridium":1,"minecraft:deepslate_redstone_ore":14,"minecraft:clay":17,"minecraft:torch":2,"minecraft:calcite":13,"create:scoria":1,"minecraft:cobblestone":6,"minecraft:cyan_bed":3,"minecraft:grindstone":2,"minecraft:sugar_cane":20,"minecraft:oak_planks":14,"minecraft:wall_torch":8,"minecraft:seagrass":1,"forbidden_arcanus:aurum_log":4,"minecraft:birch_log":79,"ars_nouveau:archwood_planks":3,"forbidden_arcanus:nuggety_aurum_leaves":7,"minecraft:grass":14,"minecraft:oak_log":15,"minecraft:sand":28,"minecraft:dirt":18,"minecraft:smooth_basalt":5,"create:crimsite":8,"minecraft:deepslate":148,"tfmg:fireclay":34,"create:zinc_ore":42,"minecraft:tuff":12,"forbidden_arcanus:stella_arcanum":2,"iceandfire:silver_ore":23,"minecraft:mossy_cobblestone":2,"minecraft:deepslate_diamond_ore":21,"minecraft:dark_oak_log":47,"minecraft:glow_lichen":1,"iceandfire:deepslate_silver_ore":3,"farmersdelight:wild_cabbages":2,"minecraft:spruce_leaves":11,"minecraft:hay_block":21,"forbidden_arcanus:deepslate_arcane_crystal_ore":10,"minecraft:furnace":3,"minecraft:andesite":84,"supplementaries:gunpowder":2,"minecraft:vine":5,"minecraft:deepslate_iron_ore":10,"minecraft:stone":233,"ars_nouveau:purple_archwood_log":125,"minecraft:podzol":1,"minecraft:flowering_azalea":1,"create_dd:deepslate_tin_ore":49,"quark:dark_oak_chest":1,"minecraft:crafting_table":14,"minecraft:emerald_ore":1,"minecraft:lectern":2,"minecraft:copper_ore":241,"minecraft:tall_grass":5,"minecraft:deepslate_coal_ore":25,"minecraft:lapis_ore":5,"minecraft:deepslate_gold_ore":2,"supplementaries:urn":13,"forbidden_arcanus:xpetrified_ore":6,"minecraft:spruce_log":8,"minecraft:birch_leaves":6,"minecraft:coal_ore":791,"minecraft:gravel":28,"minecraft:dripstone_block":109,"create_dd:potassic":1,"minecraft:cobweb":1,"minecraft:gold_ore":1077,"create_dd:tin_ore":123},"minecraft:killed":{"born_in_chaos_v1:lifestealer_true_form":1,"born_in_chaos_v1:zombie_clown":1,"minecraft:cave_spider":6,"minecraft:witch":2,"born_in_chaos_v1:restless_spirit":6,"born_in_chaos_v1:zombie_lumberjack":2,"born_in_chaos_v1:skeleton_demoman":1,"minecraft:spider":17,"born_in_chaos_v1:siamese_skeletonsright":4,"quark:forgotten":1,"born_in_chaos_v1:scarlet_persecutor":5,"minecraft:skeleton":21,"born_in_chaos_v1:skeleton_thrasher":1,"minecraft:silverfish":2,"irons_spellbooks:summoned_skeleton":5,"artifacts:mimic":1,"alexsmobs:grizzly_bear":1,"mutantmonsters:mutant_skeleton":1,"irons_spellbooks:necromancer":5,"minecraft:creeper":2,"minecraft:zombie":46,"born_in_chaos_v1:dread_hound":3,"born_in_chaos_v1:corpse_fly":4,"iceandfire:lightning_dragon":1,"born_in_chaos_v1:door_knight":1,"born_in_chaos_v1:siamese_skeletonsleft":4,"mowziesmobs:naga":9,"irons_spellbooks:summoned_zombie":11,"minecraft:vindicator":1,"minecraft:slime":22,"born_in_chaos_v1:zombie_bruiser":5,"born_in_chaos_v1:maggot":28,"minecraft:drowned":1,"born_in_chaos_v1:corpse_fish":1,"born_in_chaos_v1:barrel_zombie":1,"born_in_chaos_v1:spiritof_chaos":1,"born_in_chaos_v1:fallen_chaos_knight":1,"born_in_chaos_v1:baby_skeleton":5,"minecraft:bat":2,"born_in_chaos_v1:decrepit_skeleton":11,"born_in_chaos_v1:bloody_gadfly":3,"mutantmonsters:creeper_minion":3,"alexsmobs:cockroach":1,"born_in_chaos_v1:nightmare_stalker":3,"minecraft:enderman":1},"minecraft:broken":{"minecraft:iron_boots":1,"minecraft:iron_chestplate":1,"minecraft:iron_leggings":1,"minecraft:wooden_sword":1,"minecraft:iron_sword":2,"minecraft:stone_sword":1,"minecraft:shield":1,"minecraft:iron_axe":1,"minecraft:leather_boots":1,"minecraft:iron_pickaxe":9,"minecraft:iron_helmet":2,"aether:leather_gloves":2},"minecraft:dropped":{"minecraft:iron_sword":1,"minecraft:oak_log":1,"minecraft:glass_bottle":3,"mowziesmobs:naga_fang":1,"minecraft:dirt":56,"minecraft:dark_oak_log":4,"minecraft:jungle_sapling":1,"minecraft:chain":3,"minecraft:gold_nugget":25,"minecraft:sand":12,"ftbquests:book":1,"minecraft:bone":3,"minecraft:oak_door":4,"minecraft:stone_axe":1,"minecraft:rotten_flesh":20,"minecraft:carrot":128,"supplementaries:ash":7,"create:scoria":1,"born_in_chaos_v1:corpse_maggot":13,"irons_spellbooks:cooldown_ring":1,"minecraft:arrow":2,"minecraft:wheat_seeds":4,"minecraft:dripstone_block":1,"minecraft:feather":1,"minecraft:cobblestone":66,"comforts:sleeping_bag_light_gray":1,"minecraft:apple":1,"minecraft:torch":1,"tombstone:grave_dust":3,"minecraft:potion":2,"minecraft:paper":3,"minecraft:string":2,"minecraft:bucket":1,"ars_nouveau:caster_tome":2,"minecraft:coarse_dirt":4,"minecraft:raw_copper":64,"minecraft:tuff":1,"minecraft:iron_boots":2,"minecraft:andesite":6,"minecraft:spider_eye":3,"minecraft:bow":2,"minecraft:calcite":13},"minecraft:custom":{"lootr:looted_stat":14,"minecraft:interact_with_crafting_table":46,"minecraft:bell_ring":3,"minecraft:leave_game":6,"minecraft:time_since_death":2289,"minecraft:sprint_one_cm":503207,"minecraft:damage_blocked_by_shield":680,"minecraft:drop":144,"minecraft:talked_to_villager":16,"minecraft:play_time":481480,"minecraft:deaths":15,"minecraft:jump":5757,"minecraft:walk_on_water_one_cm":78856,"minecraft:interact_with_furnace":15,"minecraft:traded_with_villager":2,"minecraft:sleep_in_bed":23,"minecraft:damage_dealt":54009,"minecraft:crouch_one_cm":61612,"tombstone:undead_killed":129,"minecraft:mob_kills":257,"minecraft:damage_dealt_resisted":2248,"minecraft:climb_one_cm":5934,"minecraft:walk_one_cm":1254686,"minecraft:sneak_time":17143,"minecraft:walk_under_water_one_cm":79485,"minecraft:boat_one_cm":56244,"minecraft:total_world_time":481480,"tombstone:raider_killed":3,"minecraft:time_since_rest":2051,"minecraft:damage_taken":16672,"minecraft:swim_one_cm":125001,"minecraft:fly_one_cm":1559928,"minecraft:open_chest":172,"minecraft:fall_one_cm":152178},"minecraft:killed_by":{"born_in_chaos_v1:nightmare_stalker":2,"born_in_chaos_v1:zombie_bruiser":1,"quark:forgotten":1,"minecraft:vindicator":1,"alexsmobs:grizzly_bear":1,"minecraft:spider":2,"irons_spellbooks:necromancer":1,"mutantmonsters:mutant_skeleton":1,"minecraft:skeleton":1,"iceandfire:lightning_dragon":3,"born_in_chaos_v1:dread_hound":1},"minecraft:crafted":{"minecraft:oak_planks":58,"minecraft:oak_sign":1,"quark:birch_chest":8,"ars_nouveau:archwood_planks":152,"minecraft:iron_boots":2,"create_dd:coal_piece":5,"minecraft:crafting_table":8,"minecraft:spruce_planks":8,"minecraft:iron_helmet":2,"minecraft:wooden_pickaxe":1,"minecraft:birch_planks":35,"ars_nouveau:sourceberry_sack":5,"minecraft:iron_chestplate":2,"minecraft:diamond_pickaxe":1,"minecraft:stick":29,"quark:oak_chest":3,"minecraft:iron_ingot":127,"minecraft:iron_pickaxe":10,"minecraft:stone_sword":1,"minecraft:shears":1,"minecraft:wooden_sword":1,"minecraft:oak_door":3,"minecraft:coal":5,"forbidden_arcanus:fungyss":1,"minecraft:furnace":2,"minecraft:bone_meal":20,"quark:dark_oak_chest":14,"minecraft:iron_axe":2,"minecraft:stone_pickaxe":1,"minecraft:dark_oak_planks":28,"minecraft:wheat":84,"minecraft:diamond_sword":1,"minecraft:iron_sword":2,"minecraft:stone_axe":1,"minecraft:bread":63,"minecraft:air":856,"minecraft:oak_boat":1,"forbidden_arcanus:aurum_sapling":1,"minecraft:iron_leggings":2,"minecraft:torch":77},"minecraft:picked_up":{"irons_spellbooks:scroll":2,"ars_nouveau:caster_tome":2,"minecraft:music_disc_strad":1,"minecraft:wheat":11,"minecraft:prismarine_shard":3,"minecraft:oak_stairs":3,"irons_spellbooks:holy_rune":1,"minecraft:enchanted_book":2,"minecraft:potion":2,"born_in_chaos_v1:bloody_gadfly_eye":2,"forbidden_arcanus:xpetrified_orb":7,"minecraft:string":30,"mutantmonsters:mutant_skeleton_skull":1,"minecraft:raw_copper":989,"minecraft:beetroot":1,"minecraft:oak_sign":3,"irons_spellbooks:arcane_essence":11,"alexsmobs:banana":1,"minecraft:gold_nugget":25,"minecraft:cobbled_deepslate":176,"bosses_of_mass_destruction:soul_star":1,"minecraft:bucket":1,"minecraft:calcite":13,"minecraft:azalea":1,"farmersdelight:cabbage_seeds":2,"minecraft:iron_boots":1,"minecraft:furnace":3,"minecraft:stick":30,"born_in_chaos_v1:shattered_skull":1,"minecraft:torch":24,"born_in_chaos_v1:pileof_dark_metal":1,"iceandfire:lightning_dragon_flesh":1,"minecraft:golden_axe":1,"tombstone:grave_dust":3,"born_in_chaos_v1:nightmare_claw":3,"tombstone:tablet_of_cupidity":1,"mutantmonsters:mutant_skeleton_pelvis":1,"minecraft:rotten_flesh":65,"create:scoria":1,"farmersdelight:rope":3,"create:veridium":1,"ars_nouveau:sourceberry_bush":75,"supplementaries:ash":30,"mutantmonsters:mutant_skeleton_shoulder_pad":2,"irons_spellbooks:cooldown_ring":1,"minecraft:cod":1,"alexsmobs:flying_fish":2,"minecraft:cobblestone":269,"iceandfire:dragonscales_black":22,"forbidden_arcanus:aurum_leaves":2,"minecraft:birch_log":81,"forbidden_arcanus:stellarite_piece":2,"create_dd:raw_tin":182,"minecraft:feather":1,"farmersdelight:rice":1,"minecraft:jungle_log":122,"minecraft:andesite":75,"minecraft:potato":4,"minecraft:tuff":7,"create:raw_zinc":82,"minecraft:lapis_lazuli":63,"minecraft:dirt":171,"born_in_chaos_v1:monster_skin":6,"minecraft:bone":66,"minecraft:bow":4,"minecraft:wheat_seeds":29,"minecraft:raw_gold":1151,"minecraft:grindstone":2,"minecraft:bamboo":14,"minecraft:moss_block":1,"minecraft:oak_planks":20,"minecraft:pitcher_pod":2,"minecraft:sand":12,"iceandfire:lightning_dragon_heart":1,"minecraft:cyan_bed":3,"minecraft:dark_oak_log":39,"minecraft:mossy_cobblestone":2,"minecraft:bundle":2,"forbidden_arcanus:ender_pearl_fragment":1,"tfmg:fireclay_ball":64,"create:crimsite":1,"minecraft:diamond":23,"minecraft:granite":74,"minecraft:emerald":5,"minecraft:oak_sapling":9,"born_in_chaos_v1:rotten_fish":1,"iceandfire:raw_silver":28,"iceandfire:dragon_skull_lightning":1,"minecraft:coarse_dirt":7,"minecraft:crafting_table":14,"minecraft:clay_ball":68,"born_in_chaos_v1:seedof_chaos":7,"irons_spellbooks:tarnished_helmet":2,"minecraft:infested_cobblestone":16,"minecraft:chain":5,"quark:dark_oak_chest":1,"ars_nouveau:archwood_planks":3,"born_in_chaos_v1:intoxicating_decoction":4,"minecraft:oak_boat":1,"born_in_chaos_v1:gnawed_bones":1,"irons_spellbooks:epic_ink":1,"minecraft:jungle_sapling":3,"minecraft:lectern":3,"minecraft:sugar_cane":40,"minecraft:birch_sapling":10,"minecraft:raw_iron":373,"iceandfire:dragonbone":12,"ars_nouveau:purple_archwood_log":125,"minecraft:oak_door":2,"sophisticatedbackpacks:backpack":1,"ars_nouveau:purple_archwood_sapling":25,"minecraft:cookie":2,"born_in_chaos_v1:pieceofdarkmetal":15,"minecraft:carrot":23,"minecraft:redstone":70,"minecraft:prismarine_crystals":3,"minecraft:iron_horse_armor":1,"minecraft:arrow":23,"minecraft:diamond_boots":1,"minecraft:hay_block":21,"mutantmonsters:mutant_skeleton_rib":6,"minecraft:bone_block":9,"born_in_chaos_v1:fused_bone":8,"born_in_chaos_v1:corpse_maggot":30,"born_in_chaos_v1:monster_flesh":7,"artifacts:digging_claws":1,"minecraft:glow_ink_sac":2,"forbidden_arcanus:zombie_arm":1,"forbidden_arcanus:aurum_log":4,"minecraft:oak_log":21,"minecraft:gunpowder":6,"mutantmonsters:mutant_skeleton_limb":8,"forbidden_arcanus:aurum_sapling":4,"quark:forgotten_hat":1,"comforts:sleeping_bag_light_gray":20,"minecraft:apple":2,"create_dd:potassic":1,"alexsmobs:cockroach_wing_fragment":1,"minecraft:rabbit_hide":12,"minecraft:iron_ingot":7,"tombstone:bag_of_seeds":1,"minecraft:glass_bottle":2,"minecraft:iron_sword":1,"iceandfire:copper_nugget":12,"minecraft:smooth_basalt":5,"born_in_chaos_v1:lifestealer_bone":5,"born_in_chaos_v1:ethereal_spirit":12,"minecraft:dripstone_block":105,"minecraft:torchflower_seeds":2,"minecraft:spruce_sapling":6,"minecraft:spruce_log":8,"minecraft:spider_eye":5,"mowziesmobs:naga_fang":6,"forbidden_arcanus:arcane_crystal":10,"minecraft:slime_ball":18,"forbidden_arcanus:nuggety_aurum_leaves":1,"minecraft:stone_axe":1,"tombstone:magic_scroll":5,"minecraft:coal":856,"minecraft:ender_pearl":9}},"DataVersion":3465}