{"stats":{"minecraft:custom":{"minecraft:jump":136,"minecraft:time_since_rest":55632,"minecraft:leave_game":1,"minecraft:damage_dealt":0,"minecraft:crouch_one_cm":920,"minecraft:sprint_one_cm":15978,"minecraft:play_time":55632,"minecraft:time_since_death":55632,"minecraft:walk_one_cm":34052,"minecraft:sneak_time":672,"minecraft:total_world_time":55632,"minecraft:fall_one_cm":418,"minecraft:fly_one_cm":211109},"minecraft:picked_up":{"ecologics:coconut_slice":26,"minecraft:dirt":8},"minecraft:used":{"chipped:wrought_iron_lantern":9,"chipped:glowstone_lantern":5,"chipped:spiraled_amethyst_block":6,"chipped:simple_quartz_block_pillar":56,"minecraft:dirt":8,"chipped:tiled_white_stained_glass":58},"minecraft:mined":{"minecraft:grass_block":6,"minecraft:dirt":2}},"DataVersion":3465}