{"stats":{"minecraft:custom":{"minecraft:time_since_rest":92975,"minecraft:crouch_one_cm":1144,"minecraft:play_time":92975,"minecraft:sprint_one_cm":16963,"minecraft:walk_one_cm":47397,"minecraft:sneak_time":792,"minecraft:jump":154,"minecraft:damage_dealt":0,"minecraft:leave_game":2,"minecraft:play_record":11,"minecraft:time_since_death":92975,"minecraft:total_world_time":92975,"minecraft:fall_one_cm":418,"minecraft:fly_one_cm":215188},"minecraft:picked_up":{"cataclysm:music_disc_ignis":2,"cataclysm:music_disc_netherite_monstrosity":1,"ecologics:coconut_slice":26,"cataclysm:music_disc_the_leviathan":1,"cataclysm:music_disc_ancient_remnant":6,"minecraft:dirt":8},"minecraft:used":{"chipped:glowstone_lantern":5,"chipped:simple_quartz_block_pillar":56,"minecraft:dirt":8,"cataclysm:music_disc_ignis":2,"cataclysm:music_disc_netherite_monstrosity":1,"chipped:spiraled_amethyst_block":7,"chipped:tiled_white_stained_glass":58,"chipped:wrought_iron_lantern":9,"alexsmobs:animal_dictionary":1,"cataclysm:music_disc_ancient_remnant":7,"cataclysm:music_disc_the_leviathan":1,"minecraft:jukebox":5},"minecraft:mined":{"minecraft:grass_block":6,"minecraft:dirt":2}},"DataVersion":3465}