{"stats":{"minecraft:custom":{"minecraft:jump":99,"minecraft:time_since_rest":31632,"minecraft:leave_game":1,"minecraft:damage_dealt":0,"minecraft:crouch_one_cm":331,"minecraft:sprint_one_cm":14696,"minecraft:play_time":31632,"minecraft:time_since_death":31632,"minecraft:walk_one_cm":21095,"minecraft:sneak_time":363,"minecraft:total_world_time":31632,"minecraft:fall_one_cm":418,"minecraft:fly_one_cm":174192},"minecraft:picked_up":{"ecologics:coconut_slice":18,"minecraft:dirt":8},"minecraft:used":{"minecraft:dirt":8},"minecraft:mined":{"minecraft:grass_block":6,"minecraft:dirt":2}},"DataVersion":3465}