{"stats":{"minecraft:dropped":{"minecraft:wheat_seeds":3,"minecraft:oak_log":1,"minecraft:glass_bottle":1,"minecraft:feather":1,"minecraft:cobblestone":12,"minecraft:apple":1,"mowziesmobs:naga_fang":1,"minecraft:dark_oak_log":4,"minecraft:torch":1,"tombstone:grave_dust":3,"minecraft:potion":2,"minecraft:paper":3,"minecraft:string":2,"ftbquests:book":1,"minecraft:bone":3,"minecraft:oak_door":4,"minecraft:stone_axe":1,"minecraft:rotten_flesh":1,"born_in_chaos_v1:corpse_maggot":5},"minecraft:crafted":{"minecraft:wooden_sword":1,"minecraft:oak_door":3,"minecraft:oak_planks":42,"minecraft:coal":5,"minecraft:oak_sign":1,"ars_nouveau:archwood_planks":88,"minecraft:furnace":2,"minecraft:bone_meal":18,"quark:dark_oak_chest":1,"minecraft:iron_boots":1,"minecraft:iron_axe":1,"minecraft:stone_pickaxe":1,"minecraft:dark_oak_planks":2,"create_dd:coal_piece":5,"minecraft:wheat":84,"minecraft:crafting_table":5,"minecraft:spruce_planks":8,"minecraft:wooden_pickaxe":1,"minecraft:iron_helmet":1,"minecraft:iron_sword":1,"minecraft:birch_planks":19,"minecraft:stone_axe":1,"minecraft:bread":63,"minecraft:air":447,"minecraft:oak_boat":1,"minecraft:iron_chestplate":1,"forbidden_arcanus:aurum_sapling":1,"minecraft:stick":15,"quark:oak_chest":1,"minecraft:iron_ingot":127,"minecraft:iron_pickaxe":2,"minecraft:stone_sword":1,"minecraft:iron_leggings":1,"minecraft:torch":28,"minecraft:shears":1},"minecraft:killed_by":{"minecraft:spider":1,"irons_spellbooks:necromancer":1,"alexsmobs:grizzly_bear":1,"born_in_chaos_v1:dread_hound":1},"minecraft:custom":{"lootr:looted_stat":7,"minecraft:mob_kills":84,"minecraft:interact_with_crafting_table":25,"minecraft:bell_ring":3,"minecraft:damage_dealt_resisted":1377,"minecraft:leave_game":4,"minecraft:time_since_death":117094,"minecraft:climb_one_cm":3735,"minecraft:sprint_one_cm":224666,"minecraft:walk_one_cm":503524,"minecraft:damage_blocked_by_shield":50,"minecraft:drop":29,"minecraft:talked_to_villager":12,"minecraft:play_time":160900,"minecraft:deaths":4,"minecraft:sneak_time":928,"minecraft:walk_under_water_one_cm":11101,"minecraft:boat_one_cm":56244,"minecraft:jump":2122,"minecraft:walk_on_water_one_cm":24481,"minecraft:total_world_time":160900,"minecraft:interact_with_furnace":12,"minecraft:traded_with_villager":1,"minecraft:sleep_in_bed":11,"minecraft:time_since_rest":13752,"minecraft:damage_taken":4090,"minecraft:damage_dealt":17187,"minecraft:swim_one_cm":17051,"minecraft:fly_one_cm":389833,"minecraft:open_chest":25,"minecraft:crouch_one_cm":2651,"tombstone:undead_killed":49,"minecraft:fall_one_cm":47339},"minecraft:used":{"minecraft:stone_sword":131,"minecraft:spruce_planks":2,"minecraft:oak_sign":3,"create:veridium":1,"minecraft:shield":1,"minecraft:zombie_spawn_egg":1,"minecraft:iron_sword":192,"minecraft:oak_door":1,"minecraft:torch":76,"forbidden_arcanus:nuggety_aurum_leaves":1,"minecraft:tuff":1,"farmersdelight:sweet_berry_cookie":20,"minecraft:iron_axe":64,"minecraft:oak_stairs":1,"minecraft:gunpowder":2,"minecraft:bow":3,"minecraft:hay_block":1,"minecraft:furnace":3,"ars_nouveau:sourceberry_bush":15,"tombstone:gift":3,"comforts:sleeping_bag_light_gray":7,"create_dd:potassic":1,"minecraft:stone_pickaxe":100,"minecraft:oak_planks":21,"create:crimsite":1,"minecraft:wooden_pickaxe":3,"minecraft:crafting_table":11,"ars_nouveau:archwood_planks":59,"forbidden_arcanus:aurum_sapling":1,"minecraft:shears":3,"forbidden_arcanus:aurum_leaves":2,"tombstone:bag_of_seeds":1,"minecraft:dark_oak_log":5,"minecraft:bread":45,"minecraft:iron_pickaxe":497,"minecraft:lectern":2,"minecraft:stone_axe":111,"minecraft:wooden_sword":100,"quark:dark_oak_chest":1,"minecraft:cobblestone":17,"minecraft:potion":1,"minecraft:grindstone":1,"minecraft:oak_boat":1,"quark:oak_chest":1,"alexsmobs:animal_dictionary":1,"minecraft:bone_meal":2},"minecraft:killed":{"irons_spellbooks:summoned_zombie":9,"born_in_chaos_v1:restless_spirit":1,"minecraft:spider":10,"born_in_chaos_v1:siamese_skeletonsright":3,"born_in_chaos_v1:zombie_bruiser":1,"born_in_chaos_v1:maggot":11,"minecraft:skeleton":6,"born_in_chaos_v1:skeleton_thrasher":1,"minecraft:drowned":1,"irons_spellbooks:summoned_skeleton":3,"artifacts:mimic":1,"alexsmobs:grizzly_bear":1,"born_in_chaos_v1:baby_skeleton":1,"irons_spellbooks:necromancer":3,"minecraft:creeper":1,"born_in_chaos_v1:decrepit_skeleton":3,"born_in_chaos_v1:bloody_gadfly":2,"minecraft:zombie":14,"born_in_chaos_v1:dread_hound":2,"born_in_chaos_v1:door_knight":1,"born_in_chaos_v1:siamese_skeletonsleft":3,"mowziesmobs:naga":4},"minecraft:picked_up":{"irons_spellbooks:scroll":1,"minecraft:wheat":11,"minecraft:crafting_table":7,"irons_spellbooks:tarnished_helmet":1,"minecraft:oak_stairs":1,"irons_spellbooks:holy_rune":1,"minecraft:enchanted_book":1,"minecraft:potion":2,"born_in_chaos_v1:bloody_gadfly_eye":2,"minecraft:chain":2,"ars_nouveau:archwood_planks":1,"forbidden_arcanus:xpetrified_orb":6,"minecraft:string":14,"minecraft:raw_copper":219,"irons_spellbooks:arcane_essence":7,"minecraft:gold_nugget":3,"minecraft:bucket":1,"minecraft:oak_boat":1,"born_in_chaos_v1:gnawed_bones":1,"irons_spellbooks:epic_ink":1,"minecraft:lectern":2,"minecraft:furnace":1,"minecraft:stick":6,"minecraft:raw_iron":284,"ars_nouveau:purple_archwood_log":69,"born_in_chaos_v1:shattered_skull":1,"minecraft:oak_door":2,"minecraft:torch":12,"ars_nouveau:purple_archwood_sapling":13,"born_in_chaos_v1:pileof_dark_metal":1,"minecraft:cookie":2,"tombstone:grave_dust":3,"minecraft:carrot":12,"minecraft:arrow":4,"minecraft:rotten_flesh":24,"minecraft:diamond_boots":1,"minecraft:hay_block":21,"create:veridium":1,"ars_nouveau:sourceberry_bush":24,"alexsmobs:flying_fish":2,"minecraft:cobblestone":60,"born_in_chaos_v1:fused_bone":6,"forbidden_arcanus:aurum_leaves":2,"minecraft:birch_log":16,"create_dd:raw_tin":11,"born_in_chaos_v1:corpse_maggot":10,"minecraft:feather":1,"farmersdelight:rice":1,"born_in_chaos_v1:monster_flesh":1,"artifacts:digging_claws":1,"minecraft:potato":3,"forbidden_arcanus:aurum_log":4,"create:raw_zinc":19,"minecraft:tuff":1,"minecraft:oak_log":16,"minecraft:gunpowder":2,"minecraft:lapis_lazuli":12,"forbidden_arcanus:aurum_sapling":4,"comforts:sleeping_bag_light_gray":8,"born_in_chaos_v1:monster_skin":2,"minecraft:bone":16,"minecraft:apple":1,"create_dd:potassic":1,"minecraft:bow":1,"minecraft:wheat_seeds":24,"minecraft:grindstone":1,"minecraft:iron_ingot":5,"tombstone:bag_of_seeds":1,"minecraft:pitcher_pod":2,"minecraft:oak_planks":13,"born_in_chaos_v1:ethereal_spirit":1,"minecraft:torchflower_seeds":2,"minecraft:spruce_sapling":6,"minecraft:spruce_log":8,"minecraft:dark_oak_log":37,"minecraft:spider_eye":3,"mowziesmobs:naga_fang":3,"minecraft:bundle":2,"create:crimsite":1,"forbidden_arcanus:nuggety_aurum_leaves":1,"minecraft:stone_axe":1,"minecraft:emerald":1,"tombstone:magic_scroll":2,"minecraft:oak_sapling":9,"minecraft:coal":136,"iceandfire:raw_silver":22},"minecraft:broken":{"minecraft:stone_sword":1,"minecraft:wooden_sword":1,"minecraft:leather_boots":1,"minecraft:iron_pickaxe":1,"aether:leather_gloves":1},"minecraft:mined":{"create:zinc_ore":18,"iceandfire:silver_ore":18,"minecraft:dark_oak_log":47,"minecraft:glow_lichen":1,"iceandfire:deepslate_silver_ore":3,"minecraft:spruce_leaves":11,"ars_nouveau:sourceberry_bush":5,"minecraft:hay_block":21,"minecraft:furnace":1,"farmersdelight:wild_rice":1,"minecraft:iron_ore":274,"minecraft:andesite":11,"supplementaries:gunpowder":2,"minecraft:azure_bluet":1,"forbidden_arcanus:aurum_leaves":8,"minecraft:oak_stairs":1,"minecraft:iron_bars":2,"minecraft:stone":53,"create:veridium":1,"ars_nouveau:purple_archwood_log":69,"minecraft:crafting_table":7,"minecraft:torch":2,"minecraft:emerald_ore":1,"minecraft:lectern":1,"minecraft:cobblestone":1,"minecraft:tall_grass":3,"minecraft:copper_ore":62,"minecraft:lapis_ore":3,"minecraft:grindstone":1,"minecraft:oak_planks":13,"minecraft:wall_torch":3,"supplementaries:urn":2,"forbidden_arcanus:aurum_log":4,"forbidden_arcanus:xpetrified_ore":5,"ars_nouveau:archwood_planks":1,"minecraft:birch_log":16,"forbidden_arcanus:nuggety_aurum_leaves":7,"minecraft:spruce_log":8,"minecraft:grass":8,"minecraft:oak_log":15,"minecraft:coal_ore":135,"create_dd:potassic":1,"create_dd:tin_ore":7}},"DataVersion":3465}