{"stats":{"minecraft:picked_up":{"mowziesmobs:naga_fang":1,"minecraft:oak_log":4},"minecraft:killed":{"alexsmobs:grizzly_bear":1},"minecraft:crafted":{"minecraft:oak_planks":16,"minecraft:crafting_table":1},"minecraft:used":{"minecraft:wooden_sword":15,"minecraft:crafting_table":1,"minecraft:bread":4,"minecraft:oak_planks":11,"tombstone:gift":1,"minecraft:shield":1},"minecraft:killed_by":{"minecraft:spider":1,"alexsmobs:grizzly_bear":1},"minecraft:mined":{"minecraft:oak_log":4,"minecraft:azure_bluet":1},"minecraft:dropped":{"ftbquests:book":1,"mowziesmobs:naga_fang":1},"minecraft:custom":{"minecraft:time_since_rest":1902,"minecraft:crouch_one_cm":35,"minecraft:deaths":2,"minecraft:play_time":15857,"minecraft:sprint_one_cm":19333,"minecraft:damage_taken":825,"minecraft:walk_one_cm":44482,"minecraft:damage_blocked_by_shield":50,"minecraft:sneak_time":46,"minecraft:mob_kills":1,"minecraft:drop":2,"minecraft:jump":212,"minecraft:damage_dealt":729,"minecraft:leave_game":1,"minecraft:time_since_death":3770,"minecraft:total_world_time":15857,"minecraft:interact_with_crafting_table":1,"minecraft:fall_one_cm":6556,"minecraft:fly_one_cm":47305}},"DataVersion":3465}