{"stats":{"minecraft:picked_up":{"born_in_chaos_v1:corpse_maggot":3,"minecraft:crafting_table":2,"born_in_chaos_v1:monster_flesh":1,"minecraft:oak_log":10,"born_in_chaos_v1:bloody_gadfly_eye":1,"minecraft:chain":2,"minecraft:string":2,"born_in_chaos_v1:monster_skin":2,"minecraft:bone":8,"minecraft:bow":1,"minecraft:iron_ingot":1,"born_in_chaos_v1:gnawed_bones":1,"minecraft:stick":3,"ars_nouveau:purple_archwood_log":69,"born_in_chaos_v1:ethereal_spirit":1,"ars_nouveau:purple_archwood_sapling":13,"tombstone:grave_dust":1,"minecraft:dark_oak_log":4,"mowziesmobs:naga_fang":1,"minecraft:arrow":4,"minecraft:rotten_flesh":10,"minecraft:stone_axe":1,"ars_nouveau:sourceberry_bush":10,"minecraft:oak_sapling":6,"minecraft:cobblestone":10},"minecraft:killed":{"alexsmobs:grizzly_bear":1,"born_in_chaos_v1:restless_spirit":1,"minecraft:spider":1,"born_in_chaos_v1:decrepit_skeleton":2,"born_in_chaos_v1:maggot":1,"minecraft:skeleton":4,"born_in_chaos_v1:bloody_gadfly":1,"minecraft:zombie":6,"born_in_chaos_v1:dread_hound":2,"minecraft:drowned":1},"minecraft:used":{"minecraft:stone_sword":82,"minecraft:stone_pickaxe":7,"minecraft:oak_planks":11,"minecraft:wooden_pickaxe":3,"minecraft:shield":1,"minecraft:crafting_table":2,"farmersdelight:sweet_berry_cookie":13,"minecraft:bread":9,"minecraft:stone_axe":71,"minecraft:wooden_sword":15,"ars_nouveau:sourceberry_bush":1,"tombstone:gift":1,"alexsmobs:animal_dictionary":1},"minecraft:crafted":{"minecraft:oak_planks":36,"minecraft:crafting_table":1,"minecraft:wooden_pickaxe":1,"minecraft:stone_axe":1,"minecraft:air":7,"minecraft:stick":9,"minecraft:stone_pickaxe":1,"minecraft:stone_sword":1},"minecraft:killed_by":{"minecraft:spider":1,"alexsmobs:grizzly_bear":1,"born_in_chaos_v1:dread_hound":1},"minecraft:mined":{"minecraft:crafting_table":2,"ars_nouveau:sourceberry_bush":5,"minecraft:azure_bluet":1,"minecraft:grass":2,"minecraft:oak_log":9,"minecraft:stone":10,"ars_nouveau:purple_archwood_log":69},"minecraft:dropped":{"minecraft:stone_axe":1,"minecraft:oak_log":1,"mowziesmobs:naga_fang":1,"minecraft:dark_oak_log":2,"tombstone:grave_dust":1,"ftbquests:book":1},"minecraft:custom":{"lootr:looted_stat":1,"minecraft:mob_kills":20,"minecraft:interact_with_crafting_table":5,"minecraft:bell_ring":1,"minecraft:leave_game":2,"minecraft:time_since_death":4961,"minecraft:sleep_in_bed":1,"minecraft:climb_one_cm":1474,"minecraft:time_since_rest":4601,"minecraft:sprint_one_cm":53427,"minecraft:damage_taken":1744,"minecraft:walk_one_cm":129122,"minecraft:damage_blocked_by_shield":50,"minecraft:drop":6,"minecraft:damage_dealt":4359,"minecraft:swim_one_cm":5542,"minecraft:fly_one_cm":106601,"minecraft:crouch_one_cm":394,"minecraft:sneak_time":194,"minecraft:play_time":34771,"tombstone:undead_killed":13,"minecraft:deaths":3,"minecraft:walk_under_water_one_cm":4298,"minecraft:jump":514,"minecraft:walk_on_water_one_cm":4681,"minecraft:total_world_time":34771,"minecraft:fall_one_cm":14812}},"DataVersion":3465}