{"stats":{"minecraft:picked_up":{"born_in_chaos_v1:corpse_maggot":4,"minecraft:crafting_table":2,"born_in_chaos_v1:monster_flesh":1,"minecraft:oak_log":10,"born_in_chaos_v1:bloody_gadfly_eye":1,"minecraft:chain":2,"minecraft:string":2,"born_in_chaos_v1:monster_skin":2,"minecraft:bone":8,"minecraft:bow":1,"minecraft:iron_ingot":1,"born_in_chaos_v1:gnawed_bones":1,"minecraft:stick":3,"ars_nouveau:purple_archwood_log":69,"born_in_chaos_v1:ethereal_spirit":1,"ars_nouveau:purple_archwood_sapling":13,"tombstone:grave_dust":1,"minecraft:dark_oak_log":4,"mowziesmobs:naga_fang":1,"minecraft:rotten_flesh":10,"minecraft:arrow":4,"minecraft:stone_axe":1,"ars_nouveau:sourceberry_bush":10,"minecraft:oak_sapling":6,"minecraft:cobblestone":10},"minecraft:killed":{"irons_spellbooks:summoned_zombie":3,"alexsmobs:grizzly_bear":1,"born_in_chaos_v1:restless_spirit":1,"minecraft:spider":1,"irons_spellbooks:necromancer":1,"born_in_chaos_v1:maggot":3,"born_in_chaos_v1:decrepit_skeleton":2,"minecraft:skeleton":4,"born_in_chaos_v1:bloody_gadfly":1,"minecraft:zombie":6,"born_in_chaos_v1:dread_hound":2,"minecraft:drowned":1,"irons_spellbooks:summoned_skeleton":2},"minecraft:dropped":{"minecraft:stone_axe":1,"minecraft:oak_log":1,"mowziesmobs:naga_fang":1,"minecraft:dark_oak_log":2,"born_in_chaos_v1:corpse_maggot":4,"tombstone:grave_dust":1,"ftbquests:book":1},"minecraft:killed_by":{"irons_spellbooks:necromancer":1,"minecraft:spider":1,"alexsmobs:grizzly_bear":1,"born_in_chaos_v1:dread_hound":1},"minecraft:used":{"minecraft:stone_sword":116,"minecraft:stone_pickaxe":9,"minecraft:oak_planks":11,"minecraft:wooden_pickaxe":3,"minecraft:shield":1,"minecraft:crafting_table":2,"farmersdelight:sweet_berry_cookie":20,"minecraft:bread":9,"minecraft:stone_axe":71,"minecraft:wooden_sword":15,"ars_nouveau:sourceberry_bush":1,"tombstone:gift":1,"alexsmobs:animal_dictionary":1},"minecraft:mined":{"minecraft:crafting_table":2,"ars_nouveau:sourceberry_bush":5,"minecraft:azure_bluet":1,"minecraft:grass":2,"minecraft:oak_log":9,"minecraft:iron_bars":2,"minecraft:stone":10,"ars_nouveau:purple_archwood_log":69},"minecraft:crafted":{"minecraft:oak_planks":36,"minecraft:crafting_table":1,"minecraft:wooden_pickaxe":1,"minecraft:stone_axe":1,"minecraft:air":7,"minecraft:stick":9,"minecraft:stone_pickaxe":1,"minecraft:stone_sword":1},"minecraft:custom":{"lootr:looted_stat":2,"minecraft:mob_kills":28,"minecraft:interact_with_crafting_table":5,"minecraft:bell_ring":1,"minecraft:leave_game":2,"minecraft:time_since_death":2077,"minecraft:sleep_in_bed":1,"minecraft:climb_one_cm":2176,"minecraft:time_since_rest":1952,"minecraft:sprint_one_cm":62980,"minecraft:damage_taken":2098,"minecraft:walk_one_cm":152025,"minecraft:damage_blocked_by_shield":50,"minecraft:drop":7,"minecraft:damage_dealt":5579,"minecraft:swim_one_cm":5542,"minecraft:fly_one_cm":117075,"minecraft:crouch_one_cm":394,"minecraft:play_time":45883,"tombstone:undead_killed":19,"minecraft:deaths":4,"minecraft:sneak_time":198,"minecraft:walk_under_water_one_cm":5204,"minecraft:jump":564,"minecraft:walk_on_water_one_cm":8536,"minecraft:total_world_time":45883,"minecraft:fall_one_cm":15414}},"DataVersion":3465}