{"stats":{"minecraft:picked_up":{"mmorpg:weapon/staff/wood":4},"minecraft:custom":{"minecraft:jump":46,"minecraft:intelligence":0,"minecraft:time_since_rest":16764,"minecraft:energy":50,"minecraft:blood":0,"minecraft:damage_dealt":0,"minecraft:magic_shield":0,"minecraft:crouch_one_cm":169,"minecraft:sprint_one_cm":5251,"minecraft:health":70,"minecraft:play_time":16764,"minecraft:move_speed":0,"minecraft:time_since_death":16764,"minecraft:walk_one_cm":4101,"minecraft:strength":0,"minecraft:sneak_time":171,"minecraft:total_world_time":16764,"minecraft:fly_one_cm":98811,"minecraft:mana":50,"minecraft:dexterity":0,"minecraft:leave_game":1}},"DataVersion":3465}