{"stats":{"minecraft:custom":{"lootr:looted_stat":3,"minecraft:mob_kills":44,"minecraft:interact_with_crafting_table":29,"minecraft:damage_dealt_resisted":97,"minecraft:leave_game":4,"minecraft:time_since_death":0,"minecraft:climb_one_cm":2346,"minecraft:sprint_one_cm":327177,"minecraft:walk_one_cm":372769,"minecraft:drop":72,"minecraft:talked_to_villager":39,"minecraft:play_time":153805,"minecraft:sneak_time":3230,"minecraft:deaths":10,"minecraft:walk_under_water_one_cm":22766,"minecraft:boat_one_cm":24803,"minecraft:interact_with_brewingstand":2,"minecraft:jump":1537,"minecraft:walk_on_water_one_cm":21918,"minecraft:total_world_time":153805,"minecraft:interact_with_furnace":33,"minecraft:interact_with_grindstone":2,"minecraft:sleep_in_bed":7,"minecraft:time_since_rest":10884,"minecraft:damage_taken":3715,"minecraft:damage_dealt":5775,"minecraft:swim_one_cm":45824,"minecraft:fly_one_cm":329387,"minecraft:open_chest":13,"minecraft:crouch_one_cm":7682,"tombstone:undead_killed":22,"minecraft:fall_one_cm":24033},"minecraft:broken":{"minecraft:stone_hoe":1,"minecraft:stone_pickaxe":1,"minecraft:leather_boots":1,"minecraft:stone_shovel":1},"minecraft:dropped":{"minecraft:bread":1,"minecraft:birch_planks":1,"minecraft:wheat_seeds":19,"ars_elemental:yellow_archwood_sapling":1,"create_dd:raw_tin":3,"minecraft:feather":2,"comforts:sleeping_bag_light_gray":1,"minecraft:dark_oak_log":2,"minecraft:wooden_axe":1,"alexsmobs:flying_fish":1,"minecraft:wooden_sword":2,"minecraft:paper":6,"minecraft:dandelion":3,"minecraft:oak_door":2,"minecraft:moss_carpet":1,"alexsmobs:maggot":2,"minecraft:birch_sapling":1,"minecraft:rotten_flesh":14,"minecraft:oak_planks":8,"minecraft:azure_bluet":3,"minecraft:carrot":2,"born_in_chaos_v1:corpse_maggot":5,"create:limestone":3,"minecraft:wooden_pickaxe":1},"minecraft:killed":{"born_in_chaos_v1:zombie_lumberjack":1,"minecraft:spider":1,"alexsmobs:seagull":1,"born_in_chaos_v1:baby_skeleton_minion":2,"born_in_chaos_v1:maggot":5,"minecraft:skeleton":2,"minecraft:drowned":1,"born_in_chaos_v1:corpse_fish":2,"alexsmobs:flying_fish":1,"born_in_chaos_v1:bonescaller":1,"born_in_chaos_v1:decrepit_skeleton":1,"born_in_chaos_v1:zombie_fisherman":1,"minecraft:zombie":13,"born_in_chaos_v1:dread_hound":2,"born_in_chaos_v1:corpse_fly":2,"mowziesmobs:naga":3},"minecraft:mined":{"minecraft:farmland":1,"minecraft:cobblestone_stairs":9,"minecraft:grass_block":134,"ars_nouveau:sourceberry_bush":3,"create:cut_crimsite":2,"minecraft:hay_block":18,"minecraft:furnace":1,"minecraft:carrots":2,"farmersdelight:wild_rice":1,"minecraft:iron_ore":66,"minecraft:fire":1,"minecraft:moss_carpet":1,"minecraft:dirt_path":34,"minecraft:oak_stairs":5,"minecraft:stone":31,"create:veridium":4,"create:limestone":3,"tfmg:bauxite":3,"minecraft:dandelion":1,"minecraft:crafting_table":6,"minecraft:lectern":2,"supplementaries:wild_flax":2,"minecraft:cobblestone":11,"minecraft:tall_grass":29,"minecraft:sugar_cane":7,"minecraft:oak_planks":62,"ars_elemental:yellow_archwood_log":1,"minecraft:wall_torch":2,"ars_nouveau:purple_archwood_leaves":14,"minecraft:birch_log":6,"minecraft:birch_leaves":2,"minecraft:grass":79,"minecraft:oak_log":23,"minecraft:coal_ore":24,"minecraft:sand":35,"minecraft:dirt":22,"quark:hollow_oak_log":1,"create:crimsite":12,"minecraft:oak_leaves":4,"create_dd:tin_ore":3},"minecraft:killed_by":{"mowziesmobs:naga":1,"born_in_chaos_v1:baby_skeleton_minion":1,"born_in_chaos_v1:corpse_fly":1,"minecraft:drowned":1,"minecraft:witch":1,"minecraft:zombie":1,"alexsmobs:grizzly_bear":1},"minecraft:crafted":{"minecraft:oak_planks":25,"minecraft:stone_shovel":2,"minecraft:oak_sign":1,"comforts:sleeping_bag_white":1,"minecraft:birch_boat":1,"minecraft:furnace":1,"minecraft:bone_meal":42,"minecraft:iron_boots":1,"minecraft:stone_pickaxe":2,"minecraft:stone_hoe":2,"minecraft:wheat":10,"minecraft:crafting_table":2,"minecraft:wooden_pickaxe":1,"minecraft:iron_helmet":1,"minecraft:bucket":1,"minecraft:birch_planks":24,"minecraft:stone_axe":1,"comforts:sleeping_bag_light_gray":1,"minecraft:bread":30,"minecraft:air":228,"minecraft:iron_chestplate":1,"minecraft:stick":9,"quark:oak_chest":2,"minecraft:iron_ingot":42,"minecraft:oak_stairs":4,"minecraft:wooden_axe":1,"minecraft:stone_sword":1,"minecraft:iron_leggings":1,"minecraft:torch":7,"minecraft:shears":1},"minecraft:picked_up":{"create:cut_crimsite":2,"minecraft:crafting_table":6,"minecraft:azure_bluet":3,"born_in_chaos_v1:seedof_chaos":1,"ecologics:seashell":1,"quark:hollow_oak_log":1,"minecraft:oak_stairs":5,"minecraft:shield":1,"minecraft:string":2,"minecraft:moss_carpet":1,"create:limestone":3,"minecraft:wooden_sword":1,"tfmg:bauxite":3,"comforts:sleeping_bag_white":6,"minecraft:beef":2,"minecraft:light_gray_wool":3,"minecraft:lectern":1,"minecraft:sugar_cane":13,"minecraft:birch_sapling":1,"minecraft:furnace":1,"minecraft:stick":5,"minecraft:raw_iron":66,"born_in_chaos_v1:shattered_skull":1,"minecraft:oak_door":4,"minecraft:torch":4,"ars_nouveau:purple_archwood_sapling":1,"minecraft:cherry_log":1,"tombstone:grave_dust":3,"minecraft:carrot":41,"minecraft:arrow":2,"minecraft:rotten_flesh":22,"minecraft:hay_block":18,"create:veridium":4,"ars_nouveau:sourceberry_bush":21,"supplementaries:ash":3,"minecraft:white_wool":3,"alexsmobs:flying_fish":1,"minecraft:cobblestone":44,"minecraft:birch_log":6,"create_dd:raw_tin":3,"born_in_chaos_v1:corpse_maggot":5,"minecraft:feather":3,"farmersdelight:rice":1,"born_in_chaos_v1:monster_flesh":2,"born_in_chaos_v1:spiritual_dust":3,"minecraft:andesite":1,"minecraft:salmon":1,"minecraft:leather":2,"minecraft:birch_planks":1,"alexsmobs:bear_fur":2,"ars_elemental:yellow_archwood_sapling":2,"minecraft:oak_log":23,"supplementaries:flax_seeds":2,"minecraft:cobblestone_stairs":9,"minecraft:dirt":195,"minecraft:paper":6,"tombstone:gift":1,"comforts:sleeping_bag_light_gray":1,"born_in_chaos_v1:monster_skin":1,"minecraft:bone":17,"minecraft:bow":1,"minecraft:wheat_seeds":23,"ftbquests:book":1,"minecraft:iron_ingot":1,"minecraft:oak_planks":66,"minecraft:dandelion":6,"minecraft:sand":22,"ars_elemental:yellow_archwood_log":1,"minecraft:dark_oak_log":2,"minecraft:spider_eye":1,"mowziesmobs:naga_fang":2,"create:crimsite":11,"minecraft:bread":1,"alexsmobs:maggot":2,"minecraft:oak_sapling":6,"born_in_chaos_v1:rotten_fish":1,"minecraft:coal":24},"minecraft:used":{"minecraft:stone_sword":96,"alexsmobs:flying_fish_bucket":1,"minecraft:stone_shovel":216,"minecraft:oak_sign":3,"create:veridium":4,"minecraft:stone_hoe":164,"minecraft:torch":9,"minecraft:dirt":187,"minecraft:carrot":42,"farmersdelight:sweet_berry_cookie":18,"ars_elemental:yellow_archwood_sapling":1,"minecraft:wooden_axe":4,"minecraft:lava_bucket":9,"minecraft:oak_stairs":9,"tfmg:bauxite":3,"ars_elemental:yellow_archwood_log":1,"minecraft:bow":2,"ars_nouveau:sourceberry_bush":9,"minecraft:furnace":2,"tombstone:gift":1,"comforts:sleeping_bag_white":6,"minecraft:iron_leggings":1,"comforts:sleeping_bag_light_gray":1,"minecraft:water_bucket":6,"minecraft:cobblestone_stairs":9,"minecraft:stone_pickaxe":154,"minecraft:oak_planks":20,"minecraft:wooden_pickaxe":11,"create:crimsite":11,"minecraft:birch_boat":1,"minecraft:sugar_cane":13,"minecraft:crafting_table":8,"minecraft:oak_log":1,"ars_nouveau:purple_archwood_sapling":1,"quark:hollow_oak_log":1,"minecraft:bread":18,"minecraft:iron_pickaxe":5,"minecraft:lectern":1,"supplementaries:flax_seeds":2,"minecraft:stone_axe":97,"minecraft:wooden_sword":45,"minecraft:cobblestone":7,"minecraft:bucket":16,"minecraft:andesite":1,"quark:oak_chest":2,"minecraft:bone_meal":42}},"DataVersion":3465}