{"stats":{"minecraft:picked_up":{"born_in_chaos_v1:monster_skin":1,"minecraft:wooden_sword":1,"mowziesmobs:naga_fang":1,"minecraft:azure_bluet":2,"born_in_chaos_v1:monster_flesh":1,"ftbquests:book":1,"alexsmobs:bear_fur":2,"minecraft:oak_log":2,"minecraft:spider_eye":1,"minecraft:string":2,"minecraft:birch_log":2},"minecraft:killed":{"minecraft:spider":1,"born_in_chaos_v1:dread_hound":1,"mowziesmobs:naga":1},"minecraft:crafted":{"minecraft:oak_planks":8,"minecraft:birch_planks":8,"minecraft:crafting_table":1,"minecraft:stick":2,"minecraft:air":8},"minecraft:used":{"minecraft:wooden_sword":19,"minecraft:oak_planks":8},"minecraft:killed_by":{"alexsmobs:grizzly_bear":1},"minecraft:mined":{"minecraft:oak_log":2,"minecraft:birch_log":2},"minecraft:dropped":{"minecraft:wooden_sword":1,"minecraft:azure_bluet":1},"minecraft:custom":{"minecraft:time_since_rest":5918,"minecraft:crouch_one_cm":118,"minecraft:deaths":1,"minecraft:play_time":16036,"minecraft:sprint_one_cm":27117,"minecraft:damage_taken":430,"minecraft:walk_one_cm":28404,"minecraft:sneak_time":26,"minecraft:mob_kills":3,"minecraft:drop":2,"minecraft:jump":133,"minecraft:damage_dealt":759,"minecraft:leave_game":1,"minecraft:walk_on_water_one_cm":990,"minecraft:time_since_death":6642,"minecraft:total_world_time":16036,"minecraft:fall_one_cm":2942,"minecraft:fly_one_cm":32771}},"DataVersion":3465}