{"stats":{"minecraft:picked_up":{"minecraft:birch_log":6,"create_dd:raw_tin":3,"born_in_chaos_v1:corpse_maggot":5,"minecraft:crafting_table":5,"minecraft:feather":3,"minecraft:azure_bluet":3,"born_in_chaos_v1:monster_flesh":2,"minecraft:salmon":1,"born_in_chaos_v1:spiritual_dust":3,"minecraft:andesite":1,"quark:hollow_oak_log":1,"minecraft:birch_planks":1,"alexsmobs:bear_fur":2,"ars_elemental:yellow_archwood_sapling":2,"minecraft:oak_log":2,"minecraft:shield":1,"minecraft:paper":6,"minecraft:dirt":9,"minecraft:string":2,"tombstone:gift":1,"minecraft:moss_carpet":1,"comforts:sleeping_bag_light_gray":1,"create:limestone":3,"minecraft:wooden_sword":1,"born_in_chaos_v1:monster_skin":1,"minecraft:bone":14,"tfmg:bauxite":1,"minecraft:bow":1,"minecraft:wheat_seeds":9,"comforts:sleeping_bag_white":1,"ftbquests:book":1,"minecraft:light_gray_wool":3,"minecraft:furnace":1,"minecraft:stick":1,"minecraft:raw_iron":2,"born_in_chaos_v1:shattered_skull":1,"minecraft:oak_door":2,"minecraft:dandelion":2,"ars_elemental:yellow_archwood_log":1,"minecraft:dark_oak_log":2,"minecraft:spider_eye":1,"mowziesmobs:naga_fang":2,"minecraft:arrow":2,"minecraft:rotten_flesh":15,"minecraft:bread":1,"create:veridium":4,"alexsmobs:maggot":2,"supplementaries:ash":2,"minecraft:white_wool":3,"alexsmobs:flying_fish":1,"minecraft:cobblestone":21},"minecraft:killed":{"born_in_chaos_v1:bonescaller":1,"minecraft:spider":1,"alexsmobs:seagull":1,"born_in_chaos_v1:baby_skeleton_minion":2,"born_in_chaos_v1:decrepit_skeleton":1,"born_in_chaos_v1:maggot":5,"minecraft:skeleton":2,"born_in_chaos_v1:zombie_fisherman":1,"minecraft:zombie":10,"born_in_chaos_v1:dread_hound":2,"born_in_chaos_v1:corpse_fly":2,"born_in_chaos_v1:corpse_fish":1,"alexsmobs:flying_fish":1,"mowziesmobs:naga":3},"minecraft:dropped":{"minecraft:bread":1,"alexsmobs:maggot":2,"minecraft:moss_carpet":1,"minecraft:birch_planks":1,"minecraft:wheat_seeds":9,"ars_elemental:yellow_archwood_sapling":1,"create_dd:raw_tin":3,"minecraft:feather":2,"minecraft:rotten_flesh":14,"comforts:sleeping_bag_light_gray":1,"minecraft:azure_bluet":3,"minecraft:dark_oak_log":2,"minecraft:wooden_axe":1,"born_in_chaos_v1:corpse_maggot":5,"alexsmobs:flying_fish":1,"create:limestone":3,"minecraft:wooden_sword":2,"minecraft:wooden_pickaxe":1,"minecraft:paper":6,"minecraft:dandelion":2,"minecraft:oak_door":2},"minecraft:killed_by":{"mowziesmobs:naga":1,"born_in_chaos_v1:baby_skeleton_minion":1,"minecraft:witch":1,"minecraft:zombie":1,"alexsmobs:grizzly_bear":1,"born_in_chaos_v1:corpse_fly":1},"minecraft:used":{"comforts:sleeping_bag_light_gray":1,"minecraft:stone_sword":73,"minecraft:stone_pickaxe":23,"minecraft:oak_planks":8,"create:veridium":4,"minecraft:birch_boat":1,"minecraft:wooden_pickaxe":11,"minecraft:dirt":1,"minecraft:crafting_table":5,"farmersdelight:sweet_berry_cookie":18,"minecraft:wooden_axe":4,"quark:hollow_oak_log":1,"minecraft:bread":4,"tfmg:bauxite":1,"ars_elemental:yellow_archwood_log":1,"minecraft:stone_axe":4,"minecraft:wooden_sword":45,"minecraft:bow":2,"minecraft:furnace":1,"minecraft:andesite":1,"tombstone:gift":1,"comforts:sleeping_bag_white":1},"minecraft:mined":{"tfmg:bauxite":1,"minecraft:crafting_table":5,"minecraft:grass_block":3,"minecraft:tall_grass":12,"ars_elemental:yellow_archwood_log":1,"minecraft:furnace":1,"minecraft:birch_log":6,"minecraft:iron_ore":2,"minecraft:moss_carpet":1,"minecraft:grass":48,"minecraft:oak_log":2,"minecraft:dirt":6,"quark:hollow_oak_log":1,"create:veridium":4,"minecraft:stone":19,"create:limestone":3,"minecraft:oak_leaves":1,"create_dd:tin_ore":3},"minecraft:broken":{"minecraft:leather_boots":1},"minecraft:crafted":{"minecraft:oak_planks":8,"minecraft:crafting_table":1,"minecraft:birch_boat":1,"comforts:sleeping_bag_white":1,"minecraft:wooden_pickaxe":1,"minecraft:furnace":1,"minecraft:birch_planks":24,"minecraft:stone_axe":1,"comforts:sleeping_bag_light_gray":1,"minecraft:air":23,"minecraft:stick":3,"minecraft:iron_ingot":2,"minecraft:stone_pickaxe":2,"minecraft:wooden_axe":1,"minecraft:stone_sword":1,"minecraft:shears":1},"minecraft:custom":{"lootr:looted_stat":2,"minecraft:interact_with_furnace":7,"minecraft:mob_kills":38,"minecraft:interact_with_crafting_table":15,"minecraft:damage_dealt_resisted":97,"minecraft:leave_game":2,"minecraft:time_since_death":17432,"minecraft:sleep_in_bed":2,"minecraft:climb_one_cm":2346,"minecraft:time_since_rest":12033,"minecraft:sprint_one_cm":160251,"minecraft:walk_one_cm":173452,"minecraft:damage_taken":2787,"minecraft:drop":53,"minecraft:damage_dealt":4787,"minecraft:talked_to_villager":15,"minecraft:swim_one_cm":2120,"minecraft:fly_one_cm":186583,"minecraft:crouch_one_cm":977,"minecraft:play_time":64417,"tombstone:undead_killed":17,"minecraft:deaths":9,"minecraft:sneak_time":824,"minecraft:walk_under_water_one_cm":4321,"minecraft:boat_one_cm":24803,"minecraft:jump":860,"minecraft:interact_with_brewingstand":1,"minecraft:walk_on_water_one_cm":3801,"minecraft:total_world_time":64417,"minecraft:fall_one_cm":14118}},"DataVersion":3465}