{"stats":{"minecraft:picked_up":{"create:cut_crimsite":2,"minecraft:crafting_table":6,"minecraft:azure_bluet":3,"born_in_chaos_v1:seedof_chaos":1,"quark:hollow_oak_log":1,"minecraft:oak_stairs":3,"minecraft:shield":1,"minecraft:string":2,"minecraft:moss_carpet":1,"create:limestone":3,"minecraft:wooden_sword":1,"tfmg:bauxite":3,"comforts:sleeping_bag_white":4,"minecraft:beef":2,"minecraft:light_gray_wool":3,"minecraft:lectern":1,"minecraft:birch_sapling":1,"minecraft:furnace":1,"minecraft:stick":5,"minecraft:raw_iron":2,"born_in_chaos_v1:shattered_skull":1,"minecraft:oak_door":4,"minecraft:torch":4,"ars_nouveau:purple_archwood_sapling":1,"minecraft:cherry_log":1,"tombstone:grave_dust":3,"minecraft:carrot":41,"minecraft:arrow":2,"minecraft:rotten_flesh":22,"minecraft:hay_block":18,"create:veridium":4,"ars_nouveau:sourceberry_bush":9,"supplementaries:ash":3,"minecraft:white_wool":3,"alexsmobs:flying_fish":1,"minecraft:cobblestone":31,"minecraft:birch_log":6,"create_dd:raw_tin":3,"born_in_chaos_v1:corpse_maggot":5,"minecraft:feather":3,"farmersdelight:rice":1,"born_in_chaos_v1:monster_flesh":2,"born_in_chaos_v1:spiritual_dust":3,"minecraft:andesite":1,"minecraft:salmon":1,"minecraft:leather":2,"minecraft:birch_planks":1,"alexsmobs:bear_fur":2,"ars_elemental:yellow_archwood_sapling":2,"minecraft:oak_log":23,"minecraft:cobblestone_stairs":9,"minecraft:dirt":10,"minecraft:paper":6,"tombstone:gift":1,"comforts:sleeping_bag_light_gray":1,"born_in_chaos_v1:monster_skin":1,"minecraft:bone":17,"minecraft:bow":1,"minecraft:wheat_seeds":9,"ftbquests:book":1,"minecraft:iron_ingot":1,"minecraft:oak_planks":17,"minecraft:dandelion":2,"ars_elemental:yellow_archwood_log":1,"minecraft:dark_oak_log":2,"minecraft:spider_eye":1,"mowziesmobs:naga_fang":2,"create:crimsite":4,"minecraft:bread":1,"alexsmobs:maggot":2,"born_in_chaos_v1:rotten_fish":1,"minecraft:oak_sapling":6,"minecraft:coal":24},"minecraft:killed":{"born_in_chaos_v1:zombie_lumberjack":1,"minecraft:spider":1,"alexsmobs:seagull":1,"born_in_chaos_v1:baby_skeleton_minion":2,"born_in_chaos_v1:maggot":5,"minecraft:skeleton":2,"born_in_chaos_v1:corpse_fish":2,"minecraft:drowned":1,"alexsmobs:flying_fish":1,"born_in_chaos_v1:bonescaller":1,"born_in_chaos_v1:decrepit_skeleton":1,"born_in_chaos_v1:zombie_fisherman":1,"minecraft:zombie":13,"born_in_chaos_v1:dread_hound":2,"born_in_chaos_v1:corpse_fly":2,"mowziesmobs:naga":3},"minecraft:broken":{"minecraft:leather_boots":1},"minecraft:killed_by":{"mowziesmobs:naga":1,"born_in_chaos_v1:baby_skeleton_minion":1,"born_in_chaos_v1:corpse_fly":1,"minecraft:witch":1,"minecraft:zombie":1,"alexsmobs:grizzly_bear":1},"minecraft:mined":{"minecraft:cobblestone_stairs":9,"minecraft:grass_block":4,"ars_nouveau:sourceberry_bush":3,"create:cut_crimsite":2,"minecraft:hay_block":18,"minecraft:furnace":1,"minecraft:carrots":2,"minecraft:iron_ore":2,"farmersdelight:wild_rice":1,"minecraft:moss_carpet":1,"minecraft:oak_stairs":3,"minecraft:stone":23,"create:veridium":4,"create:limestone":3,"tfmg:bauxite":3,"minecraft:crafting_table":6,"minecraft:lectern":2,"minecraft:tall_grass":17,"minecraft:cobblestone":6,"minecraft:oak_planks":9,"ars_elemental:yellow_archwood_log":1,"minecraft:wall_torch":2,"ars_nouveau:purple_archwood_leaves":14,"minecraft:birch_log":6,"minecraft:birch_leaves":2,"minecraft:grass":49,"minecraft:oak_log":23,"minecraft:coal_ore":24,"minecraft:dirt":6,"quark:hollow_oak_log":1,"create:crimsite":4,"minecraft:oak_leaves":4,"create_dd:tin_ore":3},"minecraft:crafted":{"minecraft:oak_planks":25,"minecraft:oak_sign":1,"comforts:sleeping_bag_white":1,"minecraft:birch_boat":1,"minecraft:furnace":1,"minecraft:bone_meal":42,"minecraft:stone_pickaxe":2,"minecraft:stone_hoe":1,"minecraft:wheat":10,"minecraft:crafting_table":2,"minecraft:wooden_pickaxe":1,"minecraft:birch_planks":24,"minecraft:stone_axe":1,"comforts:sleeping_bag_light_gray":1,"minecraft:bread":30,"minecraft:air":222,"minecraft:stick":5,"quark:oak_chest":2,"minecraft:iron_ingot":2,"minecraft:wooden_axe":1,"minecraft:stone_sword":1,"minecraft:torch":7,"minecraft:shears":1},"minecraft:used":{"minecraft:stone_sword":95,"minecraft:oak_sign":1,"create:veridium":4,"minecraft:stone_hoe":18,"minecraft:torch":9,"minecraft:dirt":10,"minecraft:carrot":2,"farmersdelight:sweet_berry_cookie":18,"ars_elemental:yellow_archwood_sapling":1,"minecraft:wooden_axe":4,"minecraft:oak_stairs":3,"tfmg:bauxite":3,"ars_elemental:yellow_archwood_log":1,"minecraft:bow":2,"minecraft:furnace":2,"ars_nouveau:sourceberry_bush":9,"tombstone:gift":1,"comforts:sleeping_bag_white":4,"comforts:sleeping_bag_light_gray":1,"minecraft:cobblestone_stairs":9,"minecraft:stone_pickaxe":74,"minecraft:oak_planks":17,"create:crimsite":4,"minecraft:wooden_pickaxe":11,"minecraft:birch_boat":1,"minecraft:crafting_table":7,"minecraft:oak_log":1,"ars_nouveau:purple_archwood_sapling":1,"quark:hollow_oak_log":1,"minecraft:bread":13,"minecraft:lectern":1,"minecraft:stone_axe":41,"minecraft:wooden_sword":45,"minecraft:cobblestone":1,"minecraft:andesite":1,"quark:oak_chest":2,"minecraft:bone_meal":42},"minecraft:custom":{"lootr:looted_stat":3,"minecraft:mob_kills":44,"minecraft:interact_with_crafting_table":20,"minecraft:damage_dealt_resisted":97,"minecraft:leave_game":3,"minecraft:time_since_death":51739,"minecraft:climb_one_cm":2346,"minecraft:sprint_one_cm":242426,"minecraft:walk_one_cm":254630,"minecraft:drop":59,"minecraft:talked_to_villager":17,"minecraft:play_time":98724,"minecraft:deaths":9,"minecraft:sneak_time":1709,"minecraft:walk_under_water_one_cm":14692,"minecraft:boat_one_cm":24803,"minecraft:interact_with_brewingstand":1,"minecraft:jump":1195,"minecraft:walk_on_water_one_cm":9524,"minecraft:total_world_time":98724,"minecraft:interact_with_furnace":7,"minecraft:sleep_in_bed":5,"minecraft:time_since_rest":2676,"minecraft:damage_taken":3417,"minecraft:damage_dealt":5724,"minecraft:swim_one_cm":36952,"minecraft:fly_one_cm":260699,"minecraft:open_chest":9,"minecraft:crouch_one_cm":3172,"tombstone:undead_killed":22,"minecraft:fall_one_cm":19158},"minecraft:dropped":{"minecraft:bread":1,"minecraft:birch_planks":1,"minecraft:wheat_seeds":9,"ars_elemental:yellow_archwood_sapling":1,"create_dd:raw_tin":3,"minecraft:feather":2,"comforts:sleeping_bag_light_gray":1,"minecraft:dark_oak_log":2,"minecraft:wooden_axe":1,"alexsmobs:flying_fish":1,"minecraft:wooden_sword":2,"minecraft:paper":6,"minecraft:dandelion":2,"minecraft:oak_door":2,"minecraft:moss_carpet":1,"alexsmobs:maggot":2,"minecraft:birch_sapling":1,"minecraft:rotten_flesh":14,"minecraft:oak_planks":8,"minecraft:azure_bluet":3,"born_in_chaos_v1:corpse_maggot":5,"create:limestone":3,"minecraft:wooden_pickaxe":1}},"DataVersion":3465}