{"stats":{"minecraft:dropped":{"minecraft:bread":1,"minecraft:birch_planks":2,"minecraft:wheat_seeds":21,"ars_elemental:yellow_archwood_sapling":1,"minecraft:feather":2,"create_dd:raw_tin":3,"comforts:sleeping_bag_light_gray":2,"minecraft:dark_oak_log":2,"born_in_chaos_v1:river_mint":1,"minecraft:wooden_axe":1,"alexsmobs:flying_fish":1,"minecraft:wooden_sword":2,"minecraft:iron_axe":1,"minecraft:paper":6,"minecraft:dandelion":3,"minecraft:oak_door":2,"minecraft:moss_carpet":1,"alexsmobs:maggot":2,"minecraft:birch_sapling":6,"minecraft:stone_shovel":1,"minecraft:rotten_flesh":14,"minecraft:oak_planks":8,"minecraft:azure_bluet":3,"minecraft:carrot":104,"born_in_chaos_v1:corpse_maggot":5,"create:limestone":3,"minecraft:wooden_pickaxe":1},"minecraft:crafted":{"minecraft:oak_planks":44,"minecraft:stone_shovel":4,"minecraft:oak_sign":1,"comforts:sleeping_bag_white":1,"minecraft:birch_boat":2,"minecraft:birch_slab":6,"minecraft:furnace":1,"minecraft:bone_meal":42,"minecraft:oak_trapdoor":2,"minecraft:hopper":4,"minecraft:glass":138,"minecraft:iron_boots":1,"minecraft:iron_axe":1,"quark:sugar_cane_block":4,"minecraft:stone_pickaxe":2,"minecraft:rail":16,"minecraft:stone_hoe":2,"minecraft:wheat":10,"minecraft:oak_slab":9,"minecraft:crafting_table":2,"minecraft:wooden_pickaxe":1,"minecraft:iron_helmet":1,"minecraft:iron_sword":1,"minecraft:hopper_minecart":2,"minecraft:bucket":1,"minecraft:birch_planks":37,"minecraft:stone_axe":1,"comforts:sleeping_bag_light_gray":1,"minecraft:bread":30,"minecraft:air":492,"minecraft:iron_chestplate":1,"minecraft:stick":11,"quark:oak_chest":8,"minecraft:iron_ingot":66,"minecraft:wooden_axe":1,"minecraft:oak_stairs":4,"minecraft:stone_sword":1,"minecraft:iron_leggings":1,"minecraft:composter":1,"minecraft:torch":7,"minecraft:shears":1},"minecraft:custom":{"lootr:looted_stat":3,"minecraft:mob_kills":58,"minecraft:animals_bred":2,"minecraft:inspect_hopper":1,"minecraft:interact_with_crafting_table":49,"minecraft:bell_ring":27,"minecraft:normal_missions_completed":1,"minecraft:damage_dealt_resisted":97,"minecraft:leave_game":6,"minecraft:time_since_death":117907,"minecraft:climb_one_cm":4770,"minecraft:sprint_one_cm":568214,"minecraft:walk_one_cm":770484,"minecraft:drop":186,"minecraft:talked_to_villager":66,"minecraft:play_time":275976,"minecraft:sneak_time":4793,"minecraft:deaths":10,"minecraft:walk_under_water_one_cm":47492,"minecraft:boat_one_cm":55685,"minecraft:jump":2617,"minecraft:interact_with_brewingstand":2,"minecraft:walk_on_water_one_cm":46418,"minecraft:total_world_time":275976,"minecraft:interact_with_furnace":42,"minecraft:interact_with_grindstone":3,"minecraft:sleep_in_bed":17,"minecraft:time_since_rest":1972,"minecraft:damage_taken":4213,"minecraft:damage_dealt":7777,"minecraft:swim_one_cm":86308,"minecraft:fly_one_cm":606410,"minecraft:open_chest":67,"minecraft:crouch_one_cm":12095,"tombstone:undead_killed":28,"minecraft:fall_one_cm":40319},"minecraft:killed_by":{"mowziesmobs:naga":1,"born_in_chaos_v1:baby_skeleton_minion":1,"born_in_chaos_v1:corpse_fly":1,"minecraft:drowned":1,"minecraft:witch":1,"minecraft:zombie":1,"alexsmobs:grizzly_bear":1},"minecraft:used":{"minecraft:oak_trapdoor":5,"minecraft:stone_sword":116,"alexsmobs:flying_fish_bucket":1,"minecraft:stone_shovel":464,"minecraft:oak_sign":3,"create:veridium":4,"minecraft:iron_sword":24,"minecraft:bell":2,"minecraft:stone_hoe":218,"minecraft:torch":39,"minecraft:dirt":294,"minecraft:hopper":2,"minecraft:carrot":220,"farmersdelight:sweet_berry_cookie":18,"ars_elemental:yellow_archwood_sapling":1,"minecraft:glass":138,"minecraft:wooden_axe":4,"minecraft:lava_bucket":9,"quark:sugar_cane_block":4,"minecraft:oak_stairs":11,"minecraft:iron_axe":67,"tfmg:bauxite":3,"minecraft:hopper_minecart":6,"ars_elemental:yellow_archwood_log":1,"minecraft:bow":2,"ars_nouveau:sourceberry_bush":9,"minecraft:furnace":2,"minecraft:oak_sapling":1,"tombstone:gift":1,"minecraft:potato":7,"comforts:sleeping_bag_white":16,"minecraft:iron_leggings":1,"create_dd:potassic":1,"comforts:sleeping_bag_light_gray":1,"minecraft:water_bucket":6,"minecraft:cobblestone_stairs":9,"minecraft:birch_planks":32,"minecraft:stone_pickaxe":154,"minecraft:oak_planks":47,"minecraft:wooden_pickaxe":11,"create:crimsite":11,"minecraft:birch_boat":9,"minecraft:composter":4,"minecraft:sugar_cane":14,"minecraft:sand":1,"minecraft:rail":6,"minecraft:oak_slab":48,"minecraft:crafting_table":9,"minecraft:white_bed":4,"minecraft:oak_log":1,"ars_nouveau:purple_archwood_sapling":1,"quark:hollow_oak_log":1,"minecraft:birch_slab":40,"minecraft:bread":34,"minecraft:iron_pickaxe":17,"minecraft:lectern":3,"supplementaries:flax_seeds":3,"minecraft:stone_axe":132,"minecraft:wooden_sword":45,"minecraft:cobblestone":7,"born_in_chaos_v1:rotten_fish":1,"minecraft:bucket":16,"minecraft:andesite":1,"minecraft:yellow_bed":5,"quark:oak_chest":6,"minecraft:bone_meal":44},"minecraft:killed":{"born_in_chaos_v1:zombie_lumberjack":1,"minecraft:spider":1,"alexsmobs:seagull":1,"born_in_chaos_v1:baby_skeleton_minion":2,"born_in_chaos_v1:maggot":7,"minecraft:skeleton":3,"minecraft:drowned":4,"born_in_chaos_v1:corpse_fish":5,"alexsmobs:flying_fish":1,"born_in_chaos_v1:barrel_zombie":1,"born_in_chaos_v1:bonescaller":1,"born_in_chaos_v1:decrepit_skeleton":1,"born_in_chaos_v1:zombie_fisherman":2,"minecraft:zombie":13,"born_in_chaos_v1:dread_hound":2,"born_in_chaos_v1:corpse_fly":5,"mowziesmobs:naga":3},"minecraft:picked_up":{"minecraft:seagrass":3,"create:cut_crimsite":2,"minecraft:crafting_table":7,"minecraft:wheat":8,"minecraft:azure_bluet":3,"born_in_chaos_v1:river_mint":2,"born_in_chaos_v1:seedof_chaos":1,"ecologics:seashell":1,"quark:hollow_oak_log":1,"minecraft:oak_stairs":7,"minecraft:shield":1,"minecraft:string":2,"minecraft:moss_carpet":1,"create:limestone":3,"minecraft:iron_axe":1,"minecraft:wooden_sword":1,"tfmg:bauxite":3,"comforts:sleeping_bag_white":16,"minecraft:beef":2,"minecraft:light_gray_wool":3,"minecraft:hopper_minecart":1,"minecraft:lectern":3,"minecraft:sugar_cane":52,"minecraft:birch_sapling":6,"minecraft:furnace":1,"minecraft:stick":9,"minecraft:raw_iron":66,"born_in_chaos_v1:shattered_skull":1,"minecraft:oak_door":4,"minecraft:composter":4,"minecraft:torch":11,"ars_nouveau:purple_archwood_sapling":1,"minecraft:cherry_log":1,"tombstone:grave_dust":3,"minecraft:carrot":310,"supplementaries:flax":1,"minecraft:stone_shovel":1,"quark:clear_shard":108,"minecraft:arrow":2,"minecraft:rotten_flesh":25,"minecraft:hay_block":18,"create:veridium":4,"ars_nouveau:sourceberry_bush":47,"supplementaries:ash":3,"alexsmobs:flying_fish":1,"minecraft:cobblestone":44,"minecraft:white_wool":3,"minecraft:birch_log":19,"create_dd:raw_tin":3,"born_in_chaos_v1:corpse_maggot":8,"minecraft:feather":3,"farmersdelight:rice":1,"born_in_chaos_v1:monster_flesh":2,"born_in_chaos_v1:spiritual_dust":3,"minecraft:andesite":1,"minecraft:birch_slab":26,"minecraft:salmon":2,"minecraft:leather":2,"minecraft:potato":27,"minecraft:birch_planks":4,"alexsmobs:bear_fur":2,"ars_elemental:yellow_archwood_sapling":2,"minecraft:oak_log":33,"supplementaries:flax_seeds":3,"minecraft:yellow_bed":5,"minecraft:cobblestone_stairs":9,"minecraft:dirt":312,"minecraft:paper":6,"tombstone:gift":1,"comforts:sleeping_bag_light_gray":2,"born_in_chaos_v1:monster_skin":1,"minecraft:bone":19,"create_dd:potassic":1,"minecraft:bow":1,"minecraft:wheat_seeds":44,"minecraft:bell":2,"ftbquests:book":1,"minecraft:iron_ingot":1,"minecraft:oak_planks":96,"minecraft:oak_slab":2,"minecraft:birch_boat":8,"minecraft:dandelion":7,"minecraft:sand":120,"minecraft:white_bed":5,"ars_elemental:yellow_archwood_log":1,"minecraft:dark_oak_log":2,"quark:oak_chest":2,"minecraft:spider_eye":1,"mowziesmobs:naga_fang":2,"create:crimsite":11,"minecraft:slime_ball":1,"minecraft:scute":1,"minecraft:bone_meal":2,"minecraft:golden_apple":1,"minecraft:bread":1,"alexsmobs:maggot":2,"born_in_chaos_v1:rotten_fish":3,"minecraft:oak_sapling":9,"minecraft:coal":24},"minecraft:broken":{"minecraft:stone_hoe":1,"minecraft:stone_pickaxe":1,"minecraft:leather_boots":1,"minecraft:stone_axe":1,"minecraft:stone_shovel":3},"minecraft:mined":{"minecraft:white_bed":5,"minecraft:farmland":1,"minecraft:cobblestone_stairs":9,"minecraft:grass_block":209,"minecraft:birch_slab":25,"ars_nouveau:sourceberry_bush":3,"minecraft:composter":4,"create:cut_crimsite":2,"minecraft:hay_block":18,"minecraft:oak_trapdoor":4,"minecraft:furnace":1,"minecraft:carrots":22,"farmersdelight:wild_rice":1,"minecraft:iron_ore":66,"minecraft:fire":1,"minecraft:moss_carpet":1,"minecraft:bell":2,"minecraft:potatoes":6,"minecraft:dirt_path":36,"minecraft:rail":6,"minecraft:oak_stairs":7,"minecraft:stone":31,"create:veridium":4,"create:limestone":3,"minecraft:oak_slab":2,"tfmg:bauxite":3,"quark:oak_chest":2,"minecraft:dandelion":1,"minecraft:crafting_table":7,"supplementaries:wild_flax":2,"minecraft:lectern":4,"minecraft:cobblestone":11,"minecraft:glass":38,"minecraft:tall_grass":36,"minecraft:sugar_cane":26,"minecraft:oak_planks":94,"ars_elemental:yellow_archwood_log":1,"minecraft:wall_torch":3,"minecraft:birch_planks":3,"ars_nouveau:purple_archwood_leaves":14,"minecraft:birch_log":19,"realmrpg_skeletons:acrobat_skeleton":1,"minecraft:birch_leaves":2,"born_in_chaos_v1:river_mint":1,"minecraft:yellow_bed":5,"minecraft:grass":82,"minecraft:oak_log":33,"minecraft:coal_ore":24,"create_dd:potassic":1,"minecraft:sand":133,"minecraft:dirt":65,"quark:hollow_oak_log":1,"create:crimsite":12,"minecraft:oak_leaves":7,"create_dd:tin_ore":3}},"DataVersion":3465}