{"stats":{"minecraft:picked_up":{"minecraft:birch_log":6,"create_dd:raw_tin":3,"born_in_chaos_v1:corpse_maggot":2,"minecraft:crafting_table":2,"minecraft:azure_bluet":3,"born_in_chaos_v1:monster_flesh":1,"minecraft:salmon":1,"quark:hollow_oak_log":1,"alexsmobs:bear_fur":2,"minecraft:oak_log":2,"minecraft:spider_eye":1,"minecraft:string":2,"minecraft:moss_carpet":1,"create:limestone":3,"mowziesmobs:naga_fang":1,"minecraft:wooden_sword":1,"minecraft:arrow":2,"born_in_chaos_v1:monster_skin":1,"minecraft:rotten_flesh":1,"tfmg:bauxite":1,"minecraft:bow":1,"ftbquests:book":1,"alexsmobs:flying_fish":1,"minecraft:cobblestone":11},"minecraft:killed":{"minecraft:skeleton":1,"born_in_chaos_v1:zombie_fisherman":1,"born_in_chaos_v1:dread_hound":1,"born_in_chaos_v1:corpse_fly":2,"minecraft:spider":1,"alexsmobs:flying_fish":1,"born_in_chaos_v1:maggot":2,"mowziesmobs:naga":1},"minecraft:crafted":{"minecraft:oak_planks":8,"minecraft:crafting_table":1,"minecraft:stick":3,"minecraft:stone_pickaxe":2,"minecraft:wooden_pickaxe":1,"minecraft:wooden_axe":1,"minecraft:birch_planks":24,"minecraft:stone_axe":1,"minecraft:air":17},"minecraft:used":{"minecraft:wooden_axe":4,"quark:hollow_oak_log":1,"minecraft:bread":2,"minecraft:stone_pickaxe":7,"minecraft:oak_planks":8,"minecraft:wooden_pickaxe":11,"minecraft:wooden_sword":45,"minecraft:crafting_table":2,"farmersdelight:sweet_berry_cookie":2},"minecraft:killed_by":{"alexsmobs:grizzly_bear":1},"minecraft:mined":{"tfmg:bauxite":1,"minecraft:birch_log":6,"minecraft:moss_carpet":1,"minecraft:crafting_table":2,"minecraft:grass":1,"minecraft:oak_log":2,"quark:hollow_oak_log":1,"minecraft:stone":11,"create:limestone":3,"minecraft:oak_leaves":1,"create_dd:tin_ore":3},"minecraft:dropped":{"minecraft:moss_carpet":1,"minecraft:wooden_axe":1,"minecraft:rotten_flesh":1,"minecraft:wooden_sword":2,"minecraft:wooden_pickaxe":1,"minecraft:azure_bluet":3},"minecraft:custom":{"minecraft:time_since_rest":6426,"minecraft:sprint_one_cm":48041,"minecraft:damage_taken":831,"minecraft:walk_one_cm":56011,"minecraft:mob_kills":10,"minecraft:drop":9,"minecraft:damage_dealt":1653,"minecraft:interact_with_crafting_table":5,"minecraft:fly_one_cm":60049,"minecraft:crouch_one_cm":120,"minecraft:play_time":28036,"tombstone:undead_killed":2,"minecraft:deaths":2,"minecraft:sneak_time":37,"minecraft:jump":267,"minecraft:leave_game":1,"minecraft:time_since_death":6909,"minecraft:walk_on_water_one_cm":1212,"minecraft:total_world_time":28036,"minecraft:fall_one_cm":4732}},"DataVersion":3465}