{"stats":{"minecraft:picked_up":{"minecraft:crafting_table":5,"minecraft:azure_bluet":3,"quark:hollow_oak_log":1,"minecraft:oak_stairs":3,"minecraft:shield":1,"minecraft:string":2,"minecraft:moss_carpet":1,"create:limestone":3,"minecraft:wooden_sword":1,"tfmg:bauxite":3,"comforts:sleeping_bag_white":2,"minecraft:beef":2,"minecraft:light_gray_wool":3,"minecraft:lectern":1,"minecraft:furnace":1,"minecraft:raw_iron":2,"minecraft:stick":1,"born_in_chaos_v1:shattered_skull":1,"minecraft:oak_door":4,"minecraft:torch":4,"tombstone:grave_dust":1,"minecraft:arrow":2,"minecraft:rotten_flesh":17,"create:veridium":4,"supplementaries:ash":2,"alexsmobs:flying_fish":1,"minecraft:white_wool":3,"minecraft:cobblestone":31,"minecraft:birch_log":6,"create_dd:raw_tin":3,"born_in_chaos_v1:corpse_maggot":5,"minecraft:feather":3,"farmersdelight:rice":1,"born_in_chaos_v1:monster_flesh":2,"minecraft:andesite":1,"born_in_chaos_v1:spiritual_dust":3,"minecraft:salmon":1,"minecraft:leather":2,"minecraft:birch_planks":1,"alexsmobs:bear_fur":2,"ars_elemental:yellow_archwood_sapling":2,"minecraft:oak_log":6,"minecraft:cobblestone_stairs":9,"minecraft:dirt":9,"minecraft:paper":6,"tombstone:gift":1,"comforts:sleeping_bag_light_gray":1,"born_in_chaos_v1:monster_skin":1,"minecraft:bone":14,"minecraft:bow":1,"minecraft:wheat_seeds":9,"ftbquests:book":1,"minecraft:oak_planks":17,"minecraft:dandelion":2,"ars_elemental:yellow_archwood_log":1,"minecraft:dark_oak_log":2,"minecraft:spider_eye":1,"mowziesmobs:naga_fang":2,"minecraft:bread":1,"alexsmobs:maggot":2,"minecraft:coal":14},"minecraft:killed":{"minecraft:spider":1,"alexsmobs:seagull":1,"born_in_chaos_v1:baby_skeleton_minion":2,"born_in_chaos_v1:maggot":5,"minecraft:skeleton":2,"minecraft:drowned":1,"born_in_chaos_v1:corpse_fish":1,"alexsmobs:flying_fish":1,"born_in_chaos_v1:bonescaller":1,"born_in_chaos_v1:decrepit_skeleton":1,"born_in_chaos_v1:zombie_fisherman":1,"minecraft:zombie":10,"born_in_chaos_v1:dread_hound":2,"born_in_chaos_v1:corpse_fly":2,"mowziesmobs:naga":3},"minecraft:dropped":{"minecraft:bread":1,"minecraft:birch_planks":1,"minecraft:wheat_seeds":9,"ars_elemental:yellow_archwood_sapling":1,"minecraft:feather":2,"create_dd:raw_tin":3,"comforts:sleeping_bag_light_gray":1,"minecraft:dark_oak_log":2,"minecraft:wooden_axe":1,"alexsmobs:flying_fish":1,"minecraft:wooden_sword":2,"minecraft:paper":6,"minecraft:dandelion":2,"minecraft:oak_door":2,"minecraft:moss_carpet":1,"alexsmobs:maggot":2,"minecraft:rotten_flesh":14,"minecraft:oak_planks":8,"minecraft:azure_bluet":3,"born_in_chaos_v1:corpse_maggot":5,"create:limestone":3,"minecraft:wooden_pickaxe":1},"minecraft:killed_by":{"mowziesmobs:naga":1,"born_in_chaos_v1:baby_skeleton_minion":1,"born_in_chaos_v1:corpse_fly":1,"minecraft:witch":1,"minecraft:zombie":1,"alexsmobs:grizzly_bear":1},"minecraft:used":{"minecraft:stone_sword":77,"create:veridium":4,"minecraft:torch":4,"minecraft:dirt":1,"farmersdelight:sweet_berry_cookie":18,"minecraft:wooden_axe":4,"minecraft:oak_stairs":3,"tfmg:bauxite":1,"ars_elemental:yellow_archwood_log":1,"minecraft:bow":2,"minecraft:furnace":2,"tombstone:gift":1,"comforts:sleeping_bag_white":2,"comforts:sleeping_bag_light_gray":1,"minecraft:cobblestone_stairs":9,"minecraft:stone_pickaxe":58,"minecraft:oak_planks":17,"minecraft:wooden_pickaxe":11,"minecraft:birch_boat":1,"minecraft:crafting_table":6,"quark:hollow_oak_log":1,"minecraft:bread":9,"minecraft:lectern":1,"minecraft:stone_axe":22,"minecraft:wooden_sword":45,"minecraft:cobblestone":1,"minecraft:andesite":1,"quark:oak_chest":2},"minecraft:mined":{"minecraft:cobblestone_stairs":9,"minecraft:grass_block":3,"minecraft:furnace":1,"farmersdelight:wild_rice":1,"minecraft:iron_ore":2,"minecraft:moss_carpet":1,"minecraft:oak_stairs":3,"minecraft:stone":23,"create:veridium":4,"create:limestone":3,"tfmg:bauxite":3,"minecraft:crafting_table":5,"minecraft:lectern":2,"minecraft:tall_grass":17,"minecraft:cobblestone":6,"minecraft:oak_planks":9,"ars_elemental:yellow_archwood_log":1,"minecraft:wall_torch":2,"minecraft:birch_log":6,"minecraft:grass":49,"minecraft:coal_ore":14,"minecraft:oak_log":6,"minecraft:dirt":6,"quark:hollow_oak_log":1,"minecraft:oak_leaves":1,"create_dd:tin_ore":3},"minecraft:broken":{"minecraft:leather_boots":1},"minecraft:crafted":{"minecraft:oak_planks":18,"comforts:sleeping_bag_white":1,"minecraft:birch_boat":1,"minecraft:furnace":1,"minecraft:stone_pickaxe":2,"minecraft:crafting_table":1,"minecraft:wooden_pickaxe":1,"minecraft:birch_planks":24,"minecraft:stone_axe":1,"comforts:sleeping_bag_light_gray":1,"minecraft:air":33,"minecraft:stick":3,"quark:oak_chest":2,"minecraft:iron_ingot":2,"minecraft:wooden_axe":1,"minecraft:stone_sword":1,"minecraft:shears":1},"minecraft:custom":{"lootr:looted_stat":3,"minecraft:mob_kills":39,"minecraft:interact_with_crafting_table":17,"minecraft:damage_dealt_resisted":97,"minecraft:leave_game":2,"minecraft:time_since_death":29432,"minecraft:climb_one_cm":2346,"minecraft:sprint_one_cm":188094,"minecraft:walk_one_cm":213150,"minecraft:drop":58,"minecraft:talked_to_villager":17,"minecraft:play_time":76417,"minecraft:deaths":9,"minecraft:sneak_time":1411,"minecraft:walk_under_water_one_cm":11596,"minecraft:boat_one_cm":24803,"minecraft:jump":949,"minecraft:interact_with_brewingstand":1,"minecraft:walk_on_water_one_cm":5915,"minecraft:total_world_time":76417,"minecraft:interact_with_furnace":7,"minecraft:sleep_in_bed":3,"minecraft:time_since_rest":7964,"minecraft:damage_taken":3252,"minecraft:damage_dealt":4921,"minecraft:swim_one_cm":27131,"minecraft:fly_one_cm":206826,"minecraft:open_chest":7,"minecraft:crouch_one_cm":2542,"tombstone:undead_killed":18,"minecraft:fall_one_cm":15476}},"DataVersion":3465}