{"stats":{"minecraft:broken":{"minecraft:stone_hoe":1,"minecraft:stone_pickaxe":1,"minecraft:leather_boots":1,"minecraft:stone_shovel":3},"minecraft:dropped":{"minecraft:bread":1,"minecraft:birch_planks":1,"minecraft:wheat_seeds":19,"ars_elemental:yellow_archwood_sapling":1,"create_dd:raw_tin":3,"minecraft:feather":2,"comforts:sleeping_bag_light_gray":1,"minecraft:dark_oak_log":2,"minecraft:wooden_axe":1,"alexsmobs:flying_fish":1,"minecraft:wooden_sword":2,"minecraft:paper":6,"minecraft:dandelion":3,"minecraft:oak_door":2,"minecraft:moss_carpet":1,"alexsmobs:maggot":2,"minecraft:birch_sapling":1,"minecraft:rotten_flesh":14,"minecraft:oak_planks":8,"minecraft:azure_bluet":3,"minecraft:carrot":2,"born_in_chaos_v1:corpse_maggot":5,"create:limestone":3,"minecraft:wooden_pickaxe":1},"minecraft:used":{"minecraft:stone_sword":116,"alexsmobs:flying_fish_bucket":1,"minecraft:stone_shovel":458,"minecraft:oak_sign":3,"create:veridium":4,"minecraft:stone_hoe":202,"minecraft:torch":9,"minecraft:dirt":281,"minecraft:carrot":60,"farmersdelight:sweet_berry_cookie":18,"ars_elemental:yellow_archwood_sapling":1,"minecraft:wooden_axe":4,"minecraft:lava_bucket":9,"quark:sugar_cane_block":4,"minecraft:oak_stairs":11,"tfmg:bauxite":3,"ars_elemental:yellow_archwood_log":1,"minecraft:bow":2,"ars_nouveau:sourceberry_bush":9,"minecraft:furnace":2,"tombstone:gift":1,"minecraft:potato":7,"comforts:sleeping_bag_white":8,"minecraft:iron_leggings":1,"create_dd:potassic":1,"comforts:sleeping_bag_light_gray":1,"minecraft:water_bucket":6,"minecraft:cobblestone_stairs":9,"minecraft:stone_pickaxe":154,"minecraft:oak_planks":20,"minecraft:birch_boat":1,"create:crimsite":11,"minecraft:wooden_pickaxe":11,"minecraft:sugar_cane":14,"minecraft:crafting_table":8,"minecraft:oak_log":1,"ars_nouveau:purple_archwood_sapling":1,"quark:hollow_oak_log":1,"minecraft:bread":21,"minecraft:iron_pickaxe":6,"minecraft:lectern":1,"supplementaries:flax_seeds":3,"minecraft:stone_axe":124,"minecraft:wooden_sword":45,"minecraft:cobblestone":7,"born_in_chaos_v1:rotten_fish":1,"minecraft:bucket":16,"minecraft:andesite":1,"quark:oak_chest":2,"minecraft:bone_meal":44},"minecraft:killed":{"born_in_chaos_v1:zombie_lumberjack":1,"minecraft:spider":1,"alexsmobs:seagull":1,"born_in_chaos_v1:baby_skeleton_minion":2,"born_in_chaos_v1:maggot":5,"minecraft:skeleton":2,"minecraft:drowned":2,"born_in_chaos_v1:corpse_fish":4,"alexsmobs:flying_fish":1,"born_in_chaos_v1:bonescaller":1,"born_in_chaos_v1:decrepit_skeleton":1,"born_in_chaos_v1:zombie_fisherman":2,"minecraft:zombie":13,"born_in_chaos_v1:dread_hound":2,"born_in_chaos_v1:corpse_fly":4,"mowziesmobs:naga":3},"minecraft:mined":{"minecraft:farmland":1,"minecraft:cobblestone_stairs":9,"minecraft:grass_block":209,"ars_nouveau:sourceberry_bush":3,"create:cut_crimsite":2,"minecraft:hay_block":18,"minecraft:furnace":1,"minecraft:carrots":2,"farmersdelight:wild_rice":1,"minecraft:iron_ore":66,"minecraft:fire":1,"minecraft:moss_carpet":1,"minecraft:dirt_path":36,"minecraft:oak_stairs":7,"minecraft:stone":31,"create:veridium":4,"create:limestone":3,"tfmg:bauxite":3,"minecraft:dandelion":1,"minecraft:crafting_table":6,"minecraft:lectern":2,"supplementaries:wild_flax":2,"minecraft:cobblestone":11,"minecraft:tall_grass":36,"minecraft:oak_planks":83,"minecraft:sugar_cane":26,"ars_elemental:yellow_archwood_log":1,"minecraft:wall_torch":2,"ars_nouveau:purple_archwood_leaves":14,"minecraft:birch_log":6,"minecraft:birch_leaves":2,"minecraft:grass":82,"minecraft:oak_log":27,"minecraft:coal_ore":24,"minecraft:dirt":55,"minecraft:sand":131,"create_dd:potassic":1,"quark:hollow_oak_log":1,"create:crimsite":12,"minecraft:oak_leaves":7,"create_dd:tin_ore":3},"minecraft:custom":{"lootr:looted_stat":3,"minecraft:mob_kills":50,"minecraft:animals_bred":2,"minecraft:interact_with_crafting_table":33,"minecraft:normal_missions_completed":1,"minecraft:damage_dealt_resisted":97,"minecraft:leave_game":4,"minecraft:time_since_death":27204,"minecraft:climb_one_cm":2346,"minecraft:sprint_one_cm":397018,"minecraft:walk_one_cm":459040,"minecraft:drop":72,"minecraft:talked_to_villager":41,"minecraft:play_time":185273,"minecraft:sneak_time":3876,"minecraft:deaths":10,"minecraft:walk_under_water_one_cm":31648,"minecraft:boat_one_cm":24803,"minecraft:interact_with_brewingstand":2,"minecraft:jump":1893,"minecraft:walk_on_water_one_cm":29458,"minecraft:total_world_time":185273,"minecraft:interact_with_furnace":40,"minecraft:interact_with_grindstone":2,"minecraft:sleep_in_bed":9,"minecraft:time_since_rest":11866,"minecraft:damage_taken":3841,"minecraft:damage_dealt":6584,"minecraft:swim_one_cm":60789,"minecraft:fly_one_cm":426861,"minecraft:open_chest":20,"minecraft:crouch_one_cm":9721,"tombstone:undead_killed":24,"minecraft:fall_one_cm":28488},"minecraft:crafted":{"minecraft:oak_planks":25,"minecraft:stone_shovel":4,"minecraft:oak_sign":1,"comforts:sleeping_bag_white":1,"minecraft:birch_boat":1,"minecraft:furnace":1,"minecraft:bone_meal":42,"minecraft:glass":34,"minecraft:iron_boots":1,"quark:sugar_cane_block":4,"minecraft:stone_pickaxe":2,"minecraft:stone_hoe":2,"minecraft:wheat":10,"minecraft:crafting_table":2,"minecraft:wooden_pickaxe":1,"minecraft:iron_helmet":1,"minecraft:iron_sword":1,"minecraft:bucket":1,"minecraft:birch_planks":24,"minecraft:stone_axe":1,"comforts:sleeping_bag_light_gray":1,"minecraft:bread":30,"minecraft:air":243,"minecraft:iron_chestplate":1,"minecraft:stick":11,"quark:oak_chest":2,"minecraft:iron_ingot":66,"minecraft:oak_stairs":4,"minecraft:wooden_axe":1,"minecraft:stone_sword":1,"minecraft:iron_leggings":1,"minecraft:torch":7,"minecraft:shears":1},"minecraft:picked_up":{"create:cut_crimsite":2,"minecraft:crafting_table":6,"minecraft:wheat":7,"minecraft:azure_bluet":3,"born_in_chaos_v1:seedof_chaos":1,"ecologics:seashell":1,"quark:hollow_oak_log":1,"minecraft:oak_stairs":7,"minecraft:shield":1,"minecraft:string":2,"minecraft:moss_carpet":1,"create:limestone":3,"minecraft:wooden_sword":1,"tfmg:bauxite":3,"comforts:sleeping_bag_white":8,"minecraft:beef":2,"minecraft:light_gray_wool":3,"minecraft:lectern":1,"minecraft:sugar_cane":50,"minecraft:birch_sapling":1,"minecraft:furnace":1,"minecraft:stick":5,"minecraft:raw_iron":66,"born_in_chaos_v1:shattered_skull":1,"minecraft:oak_door":4,"minecraft:torch":4,"ars_nouveau:purple_archwood_sapling":1,"minecraft:cherry_log":1,"tombstone:grave_dust":3,"minecraft:carrot":58,"supplementaries:flax":1,"minecraft:arrow":2,"minecraft:rotten_flesh":24,"minecraft:hay_block":18,"create:veridium":4,"ars_nouveau:sourceberry_bush":32,"supplementaries:ash":3,"alexsmobs:flying_fish":1,"minecraft:white_wool":3,"minecraft:cobblestone":44,"minecraft:birch_log":6,"create_dd:raw_tin":3,"born_in_chaos_v1:corpse_maggot":6,"minecraft:feather":3,"farmersdelight:rice":1,"born_in_chaos_v1:monster_flesh":2,"born_in_chaos_v1:spiritual_dust":3,"minecraft:andesite":1,"minecraft:salmon":2,"minecraft:leather":2,"minecraft:potato":7,"minecraft:birch_planks":1,"alexsmobs:bear_fur":2,"ars_elemental:yellow_archwood_sapling":2,"minecraft:oak_log":27,"supplementaries:flax_seeds":3,"minecraft:cobblestone_stairs":9,"minecraft:dirt":302,"minecraft:paper":6,"tombstone:gift":1,"comforts:sleeping_bag_light_gray":1,"born_in_chaos_v1:monster_skin":1,"minecraft:bone":17,"create_dd:potassic":1,"minecraft:bow":1,"minecraft:wheat_seeds":42,"ftbquests:book":1,"minecraft:iron_ingot":1,"minecraft:oak_planks":86,"minecraft:dandelion":7,"minecraft:sand":118,"ars_elemental:yellow_archwood_log":1,"minecraft:dark_oak_log":2,"minecraft:spider_eye":1,"mowziesmobs:naga_fang":2,"create:crimsite":11,"minecraft:bone_meal":2,"minecraft:bread":1,"alexsmobs:maggot":2,"minecraft:oak_sapling":8,"born_in_chaos_v1:rotten_fish":2,"minecraft:coal":24},"minecraft:killed_by":{"mowziesmobs:naga":1,"born_in_chaos_v1:baby_skeleton_minion":1,"born_in_chaos_v1:corpse_fly":1,"minecraft:drowned":1,"minecraft:witch":1,"minecraft:zombie":1,"alexsmobs:grizzly_bear":1}},"DataVersion":3465}