{"stats":{"minecraft:picked_up":{"minecraft:birch_log":6,"create_dd:raw_tin":3,"born_in_chaos_v1:corpse_maggot":4,"minecraft:crafting_table":3,"minecraft:feather":1,"minecraft:azure_bluet":3,"born_in_chaos_v1:monster_flesh":2,"minecraft:salmon":1,"born_in_chaos_v1:spiritual_dust":3,"minecraft:andesite":1,"quark:hollow_oak_log":1,"alexsmobs:bear_fur":2,"minecraft:oak_log":2,"minecraft:shield":1,"minecraft:string":2,"minecraft:moss_carpet":1,"create:limestone":3,"minecraft:wooden_sword":1,"born_in_chaos_v1:monster_skin":1,"minecraft:bone":14,"tfmg:bauxite":1,"minecraft:bow":1,"ftbquests:book":1,"minecraft:stick":1,"minecraft:raw_iron":2,"born_in_chaos_v1:shattered_skull":1,"minecraft:dandelion":1,"minecraft:spider_eye":1,"mowziesmobs:naga_fang":2,"minecraft:arrow":2,"minecraft:rotten_flesh":3,"alexsmobs:maggot":2,"supplementaries:ash":2,"alexsmobs:flying_fish":1,"minecraft:cobblestone":13},"minecraft:killed":{"born_in_chaos_v1:bonescaller":1,"minecraft:spider":1,"alexsmobs:seagull":1,"born_in_chaos_v1:baby_skeleton_minion":2,"born_in_chaos_v1:decrepit_skeleton":1,"born_in_chaos_v1:maggot":3,"minecraft:skeleton":2,"born_in_chaos_v1:zombie_fisherman":1,"minecraft:zombie":2,"born_in_chaos_v1:dread_hound":2,"born_in_chaos_v1:corpse_fly":2,"born_in_chaos_v1:corpse_fish":1,"alexsmobs:flying_fish":1,"mowziesmobs:naga":2},"minecraft:dropped":{"minecraft:moss_carpet":1,"minecraft:rotten_flesh":3,"minecraft:azure_bluet":3,"minecraft:wooden_axe":1,"alexsmobs:flying_fish":1,"minecraft:wooden_sword":2,"minecraft:wooden_pickaxe":1,"minecraft:dandelion":1},"minecraft:killed_by":{"mowziesmobs:naga":1,"born_in_chaos_v1:baby_skeleton_minion":1,"minecraft:witch":1,"minecraft:zombie":1,"alexsmobs:grizzly_bear":1,"born_in_chaos_v1:corpse_fly":1},"minecraft:used":{"minecraft:stone_sword":45,"minecraft:stone_pickaxe":9,"minecraft:oak_planks":8,"minecraft:wooden_pickaxe":11,"minecraft:crafting_table":3,"farmersdelight:sweet_berry_cookie":10,"minecraft:wooden_axe":4,"quark:hollow_oak_log":1,"minecraft:bread":2,"tfmg:bauxite":1,"minecraft:stone_axe":1,"minecraft:wooden_sword":45,"minecraft:bow":2},"minecraft:mined":{"tfmg:bauxite":1,"minecraft:crafting_table":3,"minecraft:birch_log":6,"minecraft:iron_ore":2,"minecraft:moss_carpet":1,"minecraft:grass":1,"minecraft:oak_log":2,"quark:hollow_oak_log":1,"minecraft:stone":11,"create:limestone":3,"minecraft:oak_leaves":1,"create_dd:tin_ore":3},"minecraft:broken":{"minecraft:leather_boots":1},"minecraft:crafted":{"minecraft:oak_planks":8,"minecraft:crafting_table":1,"minecraft:wooden_pickaxe":1,"minecraft:birch_planks":24,"minecraft:stone_axe":1,"minecraft:air":18,"minecraft:stick":3,"minecraft:stone_pickaxe":2,"minecraft:wooden_axe":1,"minecraft:stone_sword":1},"minecraft:custom":{"minecraft:mob_kills":26,"minecraft:interact_with_crafting_table":7,"minecraft:damage_dealt_resisted":97,"minecraft:leave_game":2,"minecraft:time_since_death":318,"minecraft:time_since_rest":1,"minecraft:sprint_one_cm":90365,"minecraft:walk_one_cm":97680,"minecraft:damage_taken":2002,"minecraft:drop":13,"minecraft:damage_dealt":3654,"minecraft:swim_one_cm":243,"minecraft:fly_one_cm":107275,"minecraft:crouch_one_cm":120,"minecraft:play_time":40417,"tombstone:undead_killed":9,"minecraft:deaths":7,"minecraft:sneak_time":42,"minecraft:walk_under_water_one_cm":3764,"minecraft:jump":460,"minecraft:walk_on_water_one_cm":2214,"minecraft:total_world_time":40417,"minecraft:fall_one_cm":7486}},"DataVersion":3465}